{
    "state": "final",
    "arm_joint_1": 2.4615888821959488,
    "arm_joint_2": 2.07750904188015,
    "arm_joint_3": -1.3717450162634473,
    "arm_joint_4": 2.7943360459084878,
    "arm_joint_5": 3.7087607470223844,
    "arm_link_0_x": 0.2236554972223523,
    "arm_link_0_y": 0.01567984437908726,
    "arm_link_0_z": 0.088,
    "arm_link_0_ox": 0.0,
    "arm_link_0_oy": 0.0,
    "arm_link_0_oz": -0.3825864152921592,
    "arm_link_0_ow": 0.923919712331053,
    "arm_link_1_x": 0.24063034321731603,
    "arm_link_1_y": -0.0012883264926076906,
    "arm_link_1_z": 0.184,
    "arm_link_1_ox": 0.0,
    "arm_link_1_oy": 0.0,
    "arm_link_1_oz": -0.1394040749970231,
    "arm_link_1_ow": 0.9902355799880271,
    "arm_link_2_x": 0.2723477324716614,
    "arm_link_2_y": -0.010399156247748228,
    "arm_link_2_z": 0.20300000000000005,
    "arm_link_2_ox": 0.06332335105440279,
    "arm_link_2_oy": 0.4498077639371804,
    "arm_link_2_oz": -0.12419198580027821,
    "arm_link_2_ow": 0.8821788250553615,
    "arm_link_3_x": 0.39292055088770208,
    "arm_link_3_y": -0.04503246013503068,
    "arm_link_3_z": 0.2940355699010531,
    "arm_link_3_ox": 0.12159140051997895,
    "arm_link_3_oy": 0.8637118304930045,
    "arm_link_3_oz": -0.06818187879128573,
    "arm_link_3_ow": 0.48432286399725557,
    "arm_link_4_x": 0.5036273163520479,
    "arm_link_4_y": -0.07683278761851249,
    "arm_link_4_z": 0.2236242693012768,
    "arm_link_4_ox": 0.13939826448077884,
    "arm_link_4_oy": 0.9902010312189663,
    "arm_link_4_oz": -0.0011666771902878483,
    "arm_link_4_ow": 0.008287369726055422,
    "arm_link_5_x": 0.5076412074367889,
    "arm_link_5_y": -0.0779872788237589,
    "arm_link_5_z": 0.09367595530506141,
    "arm_link_5_ox": -0.2501144784596945,
    "arm_link_5_oy": 0.9681800999980285,
    "arm_link_5_oz": -0.004249084617058143,
    "arm_link_5_ow": 0.007210195043114878,
    "gripper_palm_link_x": 0.507641207434082,
    "gripper_palm_link_y": -0.07798727882646692,
    "gripper_palm_link_z": 0.09367595530506141,
    "gripper_palm_link_ox": -0.2501144784596945,
    "gripper_palm_link_oy": 0.9681800999980285,
    "gripper_palm_link_oz": -0.004249084617058143,
    "gripper_palm_link_ow": 0.007210195043114878,
    "gripper_finger_link_l_x": 0.5009844622702503,
    "gripper_finger_link_l_y": -0.07309526638826862,
    "gripper_finger_link_l_z": 0.0475398160576235,
    "gripper_finger_link_l_ox": 0.9681798654969055,
    "gripper_finger_link_l_oy": 0.25011538619955239,
    "gripper_finger_link_l_oz": 0.007210199026941447,
    "gripper_finger_link_l_ow": 0.004249077856967321,
    "gripper_finger_link_r_x": 0.508779124137863,
    "gripper_finger_link_r_y": -0.08717774735059278,
    "gripper_finger_link_r_z": 0.047730294056506698,
    "gripper_finger_link_r_ox": -0.2501144784596945,
    "gripper_finger_link_r_oy": 0.9681800999980285,
    "gripper_finger_link_r_oz": -0.004249084617058143,
    "gripper_finger_link_r_ow": 0.007210195043114878,
    "base_footprint_x": 0.00021584049011934931,
    "base_footprint_y": 0.0000758468887320781,
    "base_footprint_z": 0.0,
    "base_footprint_ox": 0.0,
    "base_footprint_oy": 0.0,
    "base_footprint_oz": 0.00010407066554055425,
    "base_footprint_ow": 0.9999999945846483,
    "base_link_x": 0.00021584048741245932,
    "base_link_y": 0.00007584688602405598,
    "base_link_z": 0.0,
    "base_link_ox": 0.0,
    "base_link_oy": 0.0,
    "base_link_oz": 0.00010407066554055425,
    "base_link_ow": 0.9999999945846483,
    "wheel_link_bl_x": -0.2278170409052729,
    "wheel_link_bl_y": 0.15802838723893829,
    "wheel_link_bl_z": -0.033999999999999998,
    "wheel_link_bl_ox": 0.00005407831341978124,
    "wheel_link_bl_oy": -0.5196307032922252,
    "wheel_link_bl_oz": 0.00008891703685866852,
    "wheel_link_bl_ow": 0.8543909651707022,
    "wheel_link_br_x": -0.22775169396968623,
    "wheel_link_br_y": -0.15797131161169937,
    "wheel_link_br_z": -0.033999999999999998,
    "wheel_link_br_ox": 0.00006048109112233949,
    "wheel_link_br_oy": -0.575965193845126,
    "wheel_link_br_oz": 0.0000858415278035643,
    "wheel_link_br_ow": 0.817474210267343,
    "wheel_link_fl_x": 0.2281829492103584,
    "wheel_link_fl_y": 0.15812329967862727,
    "wheel_link_fl_z": -0.03400000000000001,
    "wheel_link_fl_ox": -0.00003463980015157458,
    "wheel_link_fl_oy": 0.3328488367405457,
    "wheel_link_fl_oz": 0.00009813657662417657,
    "wheel_link_fl_ow": 0.9429801912287247,
    "wheel_link_fr_x": 0.2282482959698754,
    "wheel_link_fr_y": -0.15787554410222968,
    "wheel_link_fr_z": -0.033999999999999998,
    "wheel_link_fr_ox": -0.00009966113595724746,
    "wheel_link_fr_oy": 0.9490791985602847,
    "wheel_link_fr_oz": -0.00003308153954564183,
    "wheel_link_fr_ow": -0.3150375594011568,
    "table_1_x": -0.5640734802739771,
    "table_1_y": 0.09975931060025134,
    "table_1_z": 0.0,
    "table_1_ox": 0.0,
    "table_1_oy": 0.0,
    "table_1_oz": -0.6366465996654082,
    "table_1_ow": 0.7711556957803486,
    "table_2_x": -2.2766663492208627,
    "table_2_y": -0.20222688980015952,
    "table_2_z": 0.0,
    "table_2_ox": 0.3694638080736431,
    "table_2_oy": -0.30554680334563535,
    "table_2_oz": -0.5672753401559189,
    "table_2_ow": 0.6695792215563238,
    "table_3_x": 0.02214033275792726,
    "table_3_y": -3.5699865069476885,
    "table_3_z": 0.0,
    "table_3_ox": 0.0,
    "table_3_oy": 0.0,
    "table_3_oz": 0.7712957250578337,
    "table_3_ow": 0.6364769473496353,
    "table_4_x": -0.7870186289993948,
    "table_4_y": -3.6971351389018416,
    "table_4_z": 0.0,
    "table_4_ox": 0.0,
    "table_4_oy": 0.0,
    "table_4_oz": 0.7712957250578337,
    "table_4_ow": 0.6364769473496353,
    "table_5_x": -1.6022994292353452,
    "table_5_y": -3.847661604238103,
    "table_5_z": 0.0,
    "table_5_ox": 0.30547280798732859,
    "table_5_oy": 0.3695258028220873,
    "table_5_oz": -0.5635682994358925,
    "table_5_ow": 0.6727018778775371,
    "table_6_x": -1.092842364469257,
    "table_6_y": -1.8208191093313274,
    "table_6_z": 0.0,
    "table_6_ox": 0.0,
    "table_6_oy": 0.0,
    "table_6_oz": 0.7774946040662822,
    "table_6_ow": 0.6288896092700331,
    "table_7_x": -1.0073782602737103,
    "table_7_y": -2.275916776754544,
    "table_7_z": 0.0,
    "table_7_ox": 0.0,
    "table_7_oy": 0.0,
    "table_7_oz": -0.6289051528127492,
    "table_7_ow": 0.7774820311528573,
    "object_1_x": 0.47327336673254347,
    "object_1_y": 0.011059813040765372,
    "object_1_z": 0.03732660638881585,
    "object_1_ox": -0.002420479156026486,
    "object_1_oy": 0.025272411400041496,
    "object_1_oz": 0.8805346686973303,
    "object_1_ow": 0.4733013244485643,
    "object_2_x": 0.5264649388553654,
    "object_2_y": -0.06577994555909719,
    "object_2_z": 0.034043702017195757,
    "object_2_ox": 0.014634725322929678,
    "object_2_oy": -0.00726244725118517,
    "object_2_oz": 0.884268866991049,
    "object_2_ow": 0.46669224607337608
}
