{
    "state": "final",
    "arm_joint_1": 2.2184376661738769,
    "arm_joint_2": 2.435902334569963,
    "arm_joint_3": -2.117653360005272,
    "arm_joint_4": 3.0710616861275099,
    "arm_joint_5": 3.068849296934841,
    "arm_link_0_x": 0.22452501165431094,
    "arm_link_0_y": 0.015467834556260153,
    "arm_link_0_z": 0.088,
    "arm_link_0_ox": 0.0,
    "arm_link_0_oy": 0.0,
    "arm_link_0_oz": -0.38272327744020748,
    "arm_link_0_ow": 0.9238630271341234,
    "arm_link_1_x": 0.2414941105137714,
    "arm_link_1_y": -0.0015041919549687977,
    "arm_link_1_z": 0.18400000000000003,
    "arm_link_1_ox": 0.0,
    "arm_link_1_oy": 0.0,
    "arm_link_1_oz": -0.01843013545456651,
    "arm_link_1_ow": 0.9998301506291588,
    "arm_link_2_x": 0.2744716923008417,
    "arm_link_2_y": -0.0027203742920740268,
    "arm_link_2_z": 0.203,
    "arm_link_2_ox": 0.011164216020214634,
    "arm_link_2_oy": 0.6056558733746003,
    "arm_link_2_oz": -0.014663907171270976,
    "arm_link_2_ow": 0.795513226259612,
    "arm_link_3_x": 0.42378119181006659,
    "arm_link_3_y": -0.008226768825112112,
    "arm_link_3_z": 0.24424746023152633,
    "arm_link_3_ox": 0.014038831343683927,
    "arm_link_3_oy": 0.7616030219427978,
    "arm_link_3_oz": -0.011940733117244666,
    "arm_link_3_ow": 0.6477817279568205,
    "arm_link_4_x": 0.5569411114709466,
    "arm_link_4_y": -0.013137581975317397,
    "arm_link_4_z": 0.22258367224069365,
    "arm_link_4_ox": 0.018392681213534657,
    "arm_link_4_oy": 0.9977982676001468,
    "arm_link_4_oz": -0.0011743809650011028,
    "arm_link_4_ow": 0.0637098680054541,
    "arm_link_5_x": 0.5754460014555751,
    "arm_link_5_y": -0.013820024990535772,
    "arm_link_5_z": 0.09389372190195204,
    "arm_link_5_ox": -0.05414331455307172,
    "arm_link_5_oy": 0.9964979553603127,
    "arm_link_5_oz": -0.005799630751850838,
    "arm_link_5_ow": 0.06345621116223009,
    "gripper_palm_link_x": 0.5754460014555751,
    "gripper_palm_link_y": -0.013820024990535772,
    "gripper_palm_link_z": 0.09389372190195204,
    "gripper_palm_link_ox": -0.05414331455307172,
    "gripper_palm_link_oy": 0.9964979553603127,
    "gripper_palm_link_oz": -0.005799630751850838,
    "gripper_palm_link_ow": 0.06345621116223009,
    "gripper_finger_link_l_x": 0.5764856137720932,
    "gripper_finger_link_l_y": -0.006470365180983963,
    "gripper_finger_link_l_z": 0.04761559466503572,
    "gripper_finger_link_l_ox": 0.9964979553603184,
    "gripper_finger_link_l_oy": 0.0541433145529687,
    "gripper_finger_link_l_oz": 0.06345621116223066,
    "gripper_finger_link_l_ow": 0.00579963075184427,
    "gripper_finger_link_r_x": 0.578210551414461,
    "gripper_finger_link_r_y": -0.022470053065159227,
    "gripper_finger_link_r_z": 0.04791222963088649,
    "gripper_finger_link_r_ox": -0.05414331455307172,
    "gripper_finger_link_r_oy": 0.9964979553603127,
    "gripper_finger_link_r_oz": -0.005799630751850838,
    "gripper_finger_link_r_ow": 0.06345621116223009,
    "base_footprint_x": 0.0010800198312571573,
    "base_footprint_y": -0.00006924104484207512,
    "base_footprint_z": 0.0,
    "base_footprint_ox": 0.0,
    "base_footprint_oy": 0.0,
    "base_footprint_oz": -0.000043128383982179574,
    "base_footprint_ow": 0.9999999990699713,
    "base_link_x": 0.0010800198312571573,
    "base_link_y": -0.00006924104484207512,
    "base_link_z": 0.0,
    "base_link_ox": 0.0,
    "base_link_oy": 0.0,
    "base_link_oz": -0.000043128383982179574,
    "base_link_ow": 0.9999999990699713,
    "wheel_link_bl_x": -0.22690635075123095,
    "wheel_link_bl_y": 0.15795042491045736,
    "wheel_link_bl_z": -0.034,
    "wheel_link_bl_ox": -0.0000224175527795209,
    "wheel_link_bl_oy": -0.5197865231383293,
    "wheel_link_bl_oz": -0.00003684441385463635,
    "wheel_link_bl_ow": 0.8542961831260336,
    "wheel_link_br_x": -0.22693360788988235,
    "wheel_link_br_y": -0.15804957391398634,
    "wheel_link_br_z": -0.034,
    "wheel_link_br_ox": -0.000024853306820478523,
    "wheel_link_br_oy": -0.5762633445211741,
    "wheel_link_br_oz": -0.000035247278547449303,
    "wheel_link_br_ow": 0.8172640674232614,
    "wheel_link_fl_x": 0.22909364755239668,
    "wheel_link_fl_y": 0.15791109182430219,
    "wheel_link_fl_z": -0.034,
    "wheel_link_fl_ox": 0.000014459028675982182,
    "wheel_link_fl_oy": 0.3352555168426729,
    "wheel_link_fl_oz": -0.00004063242540953529,
    "wheel_link_fl_ow": 0.9421272401148875,
    "wheel_link_fr_x": 0.22906639041374528,
    "wheel_link_fr_y": -0.1580889070001415,
    "wheel_link_fr_z": -0.034,
    "wheel_link_fr_ox": 0.000040934729695173444,
    "wheel_link_fr_oy": 0.9491366445359274,
    "wheel_link_fr_oz": 0.000013579595343654747,
    "wheel_link_fr_ow": -0.31486445994907566,
    "table_1_x": -0.5640734802739771,
    "table_1_y": 0.09975931060025134,
    "table_1_z": 0.0,
    "table_1_ox": 0.0,
    "table_1_oy": 0.0,
    "table_1_oz": -0.6366465996654082,
    "table_1_ow": 0.7711556957803486,
    "table_2_x": -2.2766663492208627,
    "table_2_y": -0.20222688980015952,
    "table_2_z": 0.0,
    "table_2_ox": 0.3694638080736431,
    "table_2_oy": -0.30554680334563535,
    "table_2_oz": -0.5672753401559189,
    "table_2_ow": 0.6695792215563238,
    "table_3_x": 0.02214033275792726,
    "table_3_y": -3.5699865069476885,
    "table_3_z": 0.0,
    "table_3_ox": 0.0,
    "table_3_oy": 0.0,
    "table_3_oz": 0.7712957250578337,
    "table_3_ow": 0.6364769473496353,
    "table_4_x": -0.7870186289993948,
    "table_4_y": -3.6971351389018416,
    "table_4_z": 0.0,
    "table_4_ox": 0.0,
    "table_4_oy": 0.0,
    "table_4_oz": 0.7712957250578337,
    "table_4_ow": 0.6364769473496353,
    "table_5_x": -1.6022994292353452,
    "table_5_y": -3.847661604238103,
    "table_5_z": 0.0,
    "table_5_ox": 0.30547280798732859,
    "table_5_oy": 0.3695258028220873,
    "table_5_oz": -0.5635682994358925,
    "table_5_ow": 0.6727018778775371,
    "table_6_x": -1.092842364469257,
    "table_6_y": -1.8208191093313274,
    "table_6_z": 0.0,
    "table_6_ox": 0.0,
    "table_6_oy": 0.0,
    "table_6_oz": 0.7774946040662822,
    "table_6_ow": 0.6288896092700331,
    "table_7_x": -1.0073782602737103,
    "table_7_y": -2.275916776754544,
    "table_7_z": 0.0,
    "table_7_ox": 0.0,
    "table_7_oy": 0.0,
    "table_7_oz": -0.6289051528127492,
    "table_7_ow": 0.7774820311528573,
    "object_1_x": 0.587317473271874,
    "object_1_y": 0.08496885612308347,
    "object_1_z": 0.037798537815680297,
    "object_1_ox": 0.006901043672017753,
    "object_1_oy": 0.008881763320257766,
    "object_1_oz": 0.7283199127595096,
    "object_1_ow": 0.6851449441939568,
    "object_2_x": 0.5928993853561837,
    "object_2_y": -0.007386684200664774,
    "object_2_z": 0.0383777283532242,
    "object_2_ox": 0.009012379077243992,
    "object_2_oy": -0.00567109884138074,
    "object_2_oz": 0.7291757659095693,
    "object_2_ow": 0.6842436101795123
}
