{
    "state": "final",
    "arm_link_0_x": 0.22575666810087109,
    "arm_link_0_y": 0.015297337845817475,
    "arm_link_0_z": 0.08799999999999998,
    "arm_link_0_ox": 0.0,
    "arm_link_0_oy": 0.0,
    "arm_link_0_oz": -0.38317798057231058,
    "arm_link_0_ow": 0.9236745288274035,
    "arm_link_1_x": 0.2427090505906883,
    "arm_link_1_y": -0.0016913857059664467,
    "arm_link_1_z": 0.18399999999999998,
    "arm_link_1_ox": 0.0,
    "arm_link_1_oy": 0.0,
    "arm_link_1_oz": 0.3086067692339376,
    "arm_link_1_ow": 0.9511897087242855,
    "arm_link_2_x": 0.2694233334815657,
    "arm_link_2_y": 0.0176824907679397,
    "arm_link_2_z": 0.20299999999999999,
    "arm_link_2_ox": -0.13320678707855547,
    "arm_link_2_oy": 0.4105707898626849,
    "arm_link_2_oz": 0.27837760307398498,
    "arm_link_2_ow": 0.8580171842652816,
    "arm_link_3_x": 0.36713378563899176,
    "arm_link_3_y": 0.08854459243992327,
    "arm_link_3_z": 0.30024314930019926,
    "arm_link_3_ox": -0.2737545437374593,
    "arm_link_3_oy": 0.8437679619470513,
    "arm_link_3_oz": 0.14246609351036594,
    "arm_link_3_ow": 0.4391098818914357,
    "arm_link_4_x": 0.4566404352545786,
    "arm_link_4_y": 0.15345708813853499,
    "arm_link_4_z": 0.22278394986739923,
    "arm_link_4_ox": -0.30853736842169257,
    "arm_link_4_oy": 0.9509758011079738,
    "arm_link_4_oz": 0.006544486566992038,
    "arm_link_4_ow": 0.020171457310738034,
    "arm_link_5_x": 0.46272049724222938,
    "arm_link_5_y": 0.15786650352069618,
    "arm_link_5_z": 0.09298568369171458,
    "arm_link_5_ox": -0.07499138365721268,
    "arm_link_5_oy": 0.9969586623239262,
    "arm_link_5_oz": 0.011127341146719242,
    "arm_link_5_ow": 0.01805270820317536,
    "gripper_palm_link_x": 0.46272049724222938,
    "gripper_palm_link_y": 0.15786650352069618,
    "gripper_palm_link_z": 0.09298568369171458,
    "gripper_palm_link_ox": -0.07499138365721268,
    "gripper_palm_link_oy": 0.9969586623239262,
    "gripper_palm_link_oz": 0.011127341146719242,
    "gripper_palm_link_ow": 0.01805270820317536,
    "gripper_finger_link_l_x": 0.4591405633926152,
    "gripper_finger_link_l_y": 0.1663702163486838,
    "gripper_finger_link_l_z": 0.047033161503998697,
    "gripper_finger_link_l_ox": 0.9969586623239339,
    "gripper_finger_link_l_oy": 0.07499138365710966,
    "gripper_finger_link_l_oz": 0.01805270820317422,
    "gripper_finger_link_l_ow": -0.011127341146721135,
    "gripper_finger_link_r_x": 0.46155368105489227,
    "gripper_finger_link_r_y": 0.1504600943933718,
    "gripper_finger_link_r_z": 0.04671963785392261,
    "gripper_finger_link_r_ox": -0.07499138365721268,
    "gripper_finger_link_r_oy": 0.9969586623239262,
    "gripper_finger_link_r_oz": 0.011127341146719242,
    "gripper_finger_link_r_ow": 0.01805270820317536,
    "base_footprint_x": 0.0022964890467826947,
    "base_footprint_y": -0.00001975933849542336,
    "base_footprint_z": 0.0,
    "base_footprint_ox": 0.0,
    "base_footprint_oy": 0.0,
    "base_footprint_oz": -0.0005353544801115485,
    "base_footprint_ow": 0.9999998566977801,
    "base_link_x": 0.0022964890467826947,
    "base_link_y": -0.00001975933849542336,
    "base_link_z": 0.0,
    "base_link_ox": 0.0,
    "base_link_oy": 0.0,
    "base_link_oz": -0.0005353544801115485,
    "base_link_ow": 0.9999998566977801,
    "wheel_link_bl_x": -0.22553420827012955,
    "wheel_link_bl_y": 0.15822427170245574,
    "wheel_link_bl_z": -0.034,
    "wheel_link_bl_ox": -0.00028318901471963723,
    "wheel_link_bl_oy": -0.5289746974360172,
    "wheel_link_bl_oz": -0.0004543219137545841,
    "wheel_link_bl_ow": 0.8486374272137982,
    "wheel_link_br_x": -0.2258725522530746,
    "wheel_link_br_y": -0.15777554716355125,
    "wheel_link_br_z": -0.034,
    "wheel_link_br_ox": -0.0003134459526765293,
    "wheel_link_br_oy": -0.5854922661592701,
    "wheel_link_br_oz": -0.0004340000623573798,
    "wheel_link_br_ow": 0.8106778149568811,
    "wheel_link_fl_x": 0.23046553034664,
    "wheel_link_fl_y": 0.15773602848656038,
    "wheel_link_fl_z": -0.034,
    "wheel_link_fl_ox": 0.0001704683104030062,
    "wheel_link_fl_oy": 0.31842133073958669,
    "wheel_link_fl_oz": -0.000507488891034918,
    "wheel_link_fl_ow": 0.9479491386807688,
    "wheel_link_fr_x": 0.23012718636369496,
    "wheel_link_fr_y": -0.1582637903794466,
    "wheel_link_fr_z": -0.034,
    "wheel_link_fr_ox": 0.0005097053024119806,
    "wheel_link_fr_oy": 0.9520892199573543,
    "wheel_link_fr_oz": 0.00016372209401488219,
    "wheel_link_fr_ow": -0.3058199317189404,
    "table_1_x": -0.5640734802739771,
    "table_1_y": 0.09975931060025134,
    "table_1_z": 0.0,
    "table_1_ox": 0.0,
    "table_1_oy": 0.0,
    "table_1_oz": -0.6366465996654082,
    "table_1_ow": 0.7711556957803486,
    "table_2_x": -2.2766663492208627,
    "table_2_y": -0.20222688980015952,
    "table_2_z": 0.0,
    "table_2_ox": 0.3694638080736431,
    "table_2_oy": -0.30554680334563535,
    "table_2_oz": -0.5672753401559189,
    "table_2_ow": 0.6695792215563238,
    "table_3_x": 0.02214033275792726,
    "table_3_y": -3.5699865069476885,
    "table_3_z": 0.0,
    "table_3_ox": 0.0,
    "table_3_oy": 0.0,
    "table_3_oz": 0.7712957250578337,
    "table_3_ow": 0.6364769473496353,
    "table_4_x": -0.7870186289993948,
    "table_4_y": -3.6971351389018416,
    "table_4_z": 0.0,
    "table_4_ox": 0.0,
    "table_4_oy": 0.0,
    "table_4_oz": 0.7712957250578337,
    "table_4_ow": 0.6364769473496353,
    "table_5_x": -1.6022994292353452,
    "table_5_y": -3.847661604238103,
    "table_5_z": 0.0,
    "table_5_ox": 0.30547280798732859,
    "table_5_oy": 0.3695258028220873,
    "table_5_oz": -0.5635682994358925,
    "table_5_ow": 0.6727018778775371,
    "table_6_x": -1.092842364469257,
    "table_6_y": -1.8208191093313274,
    "table_6_z": 0.0,
    "table_6_ox": 0.0,
    "table_6_oy": 0.0,
    "table_6_oz": 0.7774946040662822,
    "table_6_ow": 0.6288896092700331,
    "table_7_x": -1.0073782602737103,
    "table_7_y": -2.275916776754544,
    "table_7_z": 0.0,
    "table_7_ox": 0.0,
    "table_7_oy": 0.0,
    "table_7_oz": -0.6289051528127492,
    "table_7_ow": 0.7774820311528573,
    "object_1_x": 0.4712212327888038,
    "object_1_y": 0.01017149106773741,
    "object_1_z": 0.03581672920091322,
    "object_1_ox": -0.007010027793157083,
    "object_1_oy": 0.000021894428923296306,
    "object_1_oz": 0.7175405427669557,
    "object_1_ow": 0.6964814631536692,
    "object_2_x": 0.47966063732686839,
    "object_2_y": 0.164981944205396,
    "object_2_z": 0.03478782708053771,
    "object_2_ox": 0.03281445532589444,
    "object_2_oy": -0.01604341709241664,
    "object_2_oz": 0.7319419803977394,
    "object_2_ow": 0.6803872115355336,
    "object_3_x": 0.48568092395458087,
    "object_3_y": 0.06664863061796242,
    "object_3_z": 0.03559722476879493,
    "object_3_ox": 0.0029340594011447328,
    "object_3_oy": 0.0069489551166395159,
    "object_3_oz": 0.7286348488429162,
    "object_3_ow": 0.6848608328484542
}
