{
    "state": "final",
    "arm_joint_1": 1.783649298282828,
    "arm_joint_2": 2.168806543771492,
    "arm_joint_3": -1.543323099039254,
    "arm_joint_4": 2.7272785294786945,
    "arm_joint_5": 3.2667032624352179,
    "arm_link_0_x": 0.22432487930405094,
    "arm_link_0_y": 0.015474335722918939,
    "arm_link_0_z": 0.088,
    "arm_link_0_ox": 0.0,
    "arm_link_0_oy": 0.0,
    "arm_link_0_oz": -0.38267563650601546,
    "arm_link_0_ow": 0.9238827616233112,
    "arm_link_1_x": 0.2412957284508373,
    "arm_link_1_y": -0.0014959406224155858,
    "arm_link_1_z": 0.18399999999999998,
    "arm_link_1_ox": 0.0,
    "arm_link_1_oy": 0.0,
    "arm_link_1_oz": 0.19770344896966067,
    "arm_link_1_ow": 0.9802618763705446,
    "arm_link_2_x": 0.2717160093043604,
    "arm_link_2_y": 0.011294935531811646,
    "arm_link_2_z": 0.20300000000000005,
    "arm_link_2_ox": -0.09774919614210881,
    "arm_link_2_oy": 0.4846643339979384,
    "arm_link_2_oz": 0.17184803865063684,
    "arm_link_2_ow": 0.8520644515621079,
    "arm_link_3_x": 0.39452785441828105,
    "arm_link_3_y": 0.06293387695671859,
    "arm_link_3_z": 0.28221912918121108,
    "arm_link_3_ox": -0.1684233000443455,
    "arm_link_3_oy": 0.8350837630117687,
    "arm_link_3_oz": 0.10353861954204122,
    "arm_link_3_ow": 0.5133697059815712,
    "arm_link_4_x": 0.5055703196918289,
    "arm_link_4_y": 0.10962412376979287,
    "arm_link_4_z": 0.22127167838540569,
    "arm_link_4_ox": -0.19703852304092549,
    "arm_link_4_oy": 0.9769650115867167,
    "arm_link_4_oz": 0.016201054667826479,
    "arm_link_4_ow": 0.08032877691629183,
    "arm_link_5_x": 0.5269636169966795,
    "arm_link_5_y": 0.11861940614981125,
    "arm_link_5_z": 0.093344309439859,
    "arm_link_5_ox": -0.3610058719622562,
    "arm_link_5_oy": 0.9289561743352343,
    "arm_link_5_oz": 0.0022430955873400145,
    "arm_link_5_ow": 0.08191553634936004,
    "gripper_palm_link_x": 0.5269636169966795,
    "gripper_palm_link_y": 0.11861940614981125,
    "gripper_palm_link_z": 0.093344309439859,
    "gripper_palm_link_ox": -0.3610058719622562,
    "gripper_palm_link_oy": 0.9289561743352343,
    "gripper_palm_link_oz": 0.0022430955873400145,
    "gripper_palm_link_ow": 0.08191553634936004,
    "gripper_finger_link_l_x": 0.5255856277007668,
    "gripper_finger_link_l_y": 0.12480021862691727,
    "gripper_finger_link_l_z": 0.04690443372658634,
    "gripper_finger_link_l_ox": 0.9289561743352715,
    "gripper_finger_link_l_oy": 0.36100587196216,
    "gripper_finger_link_l_oz": 0.08191553634935979,
    "gripper_finger_link_l_ow": -0.0022430955873484809,
    "gripper_finger_link_r_x": 0.5363868283636446,
    "gripper_finger_link_r_y": 0.11290044923361281,
    "gripper_finger_link_r_z": 0.04778928805949767,
    "gripper_finger_link_r_ox": -0.3610058719622562,
    "gripper_finger_link_r_oy": 0.9289561743352343,
    "gripper_finger_link_r_oz": 0.0022430955873400145,
    "gripper_finger_link_r_ow": 0.08191553634936004,
    "base_footprint_x": 0.0008814910559732907,
    "base_footprint_y": -0.0000857843684479898,
    "base_footprint_z": 0.0,
    "base_footprint_ox": 0.0,
    "base_footprint_oy": 0.0,
    "base_footprint_oz": 0.000008438162085968036,
    "base_footprint_ow": 0.9999999999643987,
    "base_link_x": 0.0008814910559732907,
    "base_link_y": -0.0000857843684479898,
    "base_link_z": 0.0,
    "base_link_ox": 0.0,
    "base_link_oy": 0.0,
    "base_link_oz": 0.000008438162085968036,
    "base_link_ow": 0.9999999999643987,
    "wheel_link_bl_x": -0.2271211753707774,
    "wheel_link_bl_y": 0.1579103678071409,
    "wheel_link_bl_z": -0.03400000000000001,
    "wheel_link_bl_ox": 0.000004404653766135342,
    "wheel_link_bl_oy": -0.5219920785004953,
    "wheel_link_bl_oz": 0.000007197333158159222,
    "wheel_link_bl_ow": 0.8529503326170465,
    "wheel_link_br_x": -0.22711584245233927,
    "wheel_link_br_y": -0.15808963214785905,
    "wheel_link_br_z": -0.03400000000000001,
    "wheel_link_br_ox": 0.0000048722414954943949,
    "wheel_link_br_oy": -0.5774055351962332,
    "wheel_link_br_oz": 0.000006889400714042622,
    "wheel_link_br_ow": 0.8164574991103634,
    "wheel_link_fl_x": 0.22887882456428586,
    "wheel_link_fl_y": 0.15791806341096305,
    "wheel_link_fl_z": -0.03400000000000001,
    "wheel_link_fl_ox": -0.0000028095999109849907,
    "wheel_link_fl_oy": 0.3329634916064361,
    "wheel_link_fl_oz": 0.000007956678184346881,
    "wheel_link_fl_ow": 0.9429397187445485,
    "wheel_link_fr_x": 0.22888415748272399,
    "wheel_link_fr_y": -0.1580819365440369,
    "wheel_link_fr_z": -0.03400000000000001,
    "wheel_link_fr_ox": -0.000008014122428157481,
    "wheel_link_fr_oy": 0.9497473912238528,
    "wheel_link_fr_oz": -0.0000026412915582289876,
    "wheel_link_fr_ow": -0.3130174001430006,
    "table_1_x": -0.5640734802739771,
    "table_1_y": 0.09975931060025134,
    "table_1_z": 0.0,
    "table_1_ox": 0.0,
    "table_1_oy": 0.0,
    "table_1_oz": -0.6366465996654082,
    "table_1_ow": 0.7711556957803486,
    "table_2_x": -2.2766663492208627,
    "table_2_y": -0.20222688980015952,
    "table_2_z": 0.0,
    "table_2_ox": 0.3694638080736431,
    "table_2_oy": -0.30554680334563535,
    "table_2_oz": -0.5672753401559189,
    "table_2_ow": 0.6695792215563238,
    "table_3_x": 0.02214033275792726,
    "table_3_y": -3.5699865069476885,
    "table_3_z": 0.0,
    "table_3_ox": 0.0,
    "table_3_oy": 0.0,
    "table_3_oz": 0.7712957250578337,
    "table_3_ow": 0.6364769473496353,
    "table_4_x": -0.7870186289993948,
    "table_4_y": -3.6971351389018416,
    "table_4_z": 0.0,
    "table_4_ox": 0.0,
    "table_4_oy": 0.0,
    "table_4_oz": 0.7712957250578337,
    "table_4_ow": 0.6364769473496353,
    "table_5_x": -1.6022994292353452,
    "table_5_y": -3.847661604238103,
    "table_5_z": 0.0,
    "table_5_ox": 0.30547280798732859,
    "table_5_oy": 0.3695258028220873,
    "table_5_oz": -0.5635682994358925,
    "table_5_ow": 0.6727018778775371,
    "table_6_x": -1.092842364469257,
    "table_6_y": -1.8208191093313274,
    "table_6_z": 0.0,
    "table_6_ox": 0.0,
    "table_6_oy": 0.0,
    "table_6_oz": 0.7774946040662822,
    "table_6_ow": 0.6288896092700331,
    "table_7_x": -1.0073782602737103,
    "table_7_y": -2.275916776754544,
    "table_7_z": 0.0,
    "table_7_ox": 0.0,
    "table_7_oy": 0.0,
    "table_7_oz": -0.6289051528127492,
    "table_7_ow": 0.7774820311528573,
    "object_1_x": 0.587317473271874,
    "object_1_y": 0.08496885612308347,
    "object_1_z": 0.037798537815680297,
    "object_1_ox": 0.006901043672017753,
    "object_1_oy": 0.008881763320257766,
    "object_1_oz": 0.7283199127595096,
    "object_1_ow": 0.6851449441939568,
    "object_2_x": 0.542529448514485,
    "object_2_y": 0.12472340549286128,
    "object_2_z": 0.034798367467129,
    "object_2_ox": -0.020005612973694854,
    "object_2_oy": -0.0051728752291719608,
    "object_2_oz": 0.898782015864914,
    "object_2_ow": 0.43790855754279547,
    "object_3_x": 0.6028196397702133,
    "object_3_y": 0.047269372127088708,
    "object_3_z": 0.03512441656414045,
    "object_3_ox": 0.006078538134546637,
    "object_3_oy": -0.013029663223946452,
    "object_3_oz": 0.8997886204141705,
    "object_3_ow": 0.4360891168368928
}
