{
    "state": "final",
    "arm_joint_1": 2.0507350198740759,
    "arm_joint_2": 1.745164788276353,
    "arm_joint_3": -0.659624501510981,
    "arm_joint_4": 2.352367056889028,
    "arm_joint_5": 3.044181157436583,
    "arm_link_0_x": 0.22280923883653545,
    "arm_link_0_y": 0.015439432579050788,
    "arm_link_0_z": 0.088,
    "arm_link_0_ox": 0.0,
    "arm_link_0_oy": 0.0,
    "arm_link_0_oz": -0.3828393438194002,
    "arm_link_0_ow": 0.9238149364585588,
    "arm_link_1_x": 0.23977407260408419,
    "arm_link_1_y": -0.001536857216998276,
    "arm_link_1_z": 0.184,
    "arm_link_1_ox": 0.0,
    "arm_link_1_oy": 0.0,
    "arm_link_1_oz": 0.06524812339943224,
    "arm_link_1_ow": 0.9978690707667276,
    "arm_link_2_x": 0.27249308964201249,
    "arm_link_2_y": 0.002760342344548762,
    "arm_link_2_z": 0.20299999999999999,
    "arm_link_2_ox": -0.01961537190257029,
    "arm_link_2_oy": 0.2999867569115699,
    "arm_link_2_oz": 0.06222985450948275,
    "arm_link_2_ow": 0.9517093191045947,
    "arm_link_3_x": 0.3606197440725409,
    "arm_link_3_y": 0.014334584331723462,
    "arm_link_3_z": 0.3299831866874687,
    "arm_link_3_ox": -0.06191181776579197,
    "arm_link_3_oy": 0.9468454392968406,
    "arm_link_3_oz": 0.02059719466536384,
    "arm_link_3_ow": 0.31500221662017777,
    "arm_link_4_x": 0.4408052087239435,
    "arm_link_4_y": 0.024865858640576299,
    "arm_link_4_z": 0.22188885973147003,
    "arm_link_4_ox": -0.06519731705248036,
    "arm_link_4_oy": 0.9970920663169359,
    "arm_link_4_oz": 0.0025743846460638856,
    "arm_link_4_ow": 0.039371229097850988,
    "arm_link_5_x": 0.45294511886130098,
    "arm_link_5_y": 0.02646027134738224,
    "arm_link_5_z": 0.09245130555967157,
    "arm_link_5_ox": -0.12524370404774894,
    "arm_link_5_oy": 0.9913411589656805,
    "arm_link_5_oz": 0.00019400802383582523,
    "arm_link_5_ow": 0.03945482857481504,
    "gripper_palm_link_x": 0.45294511886130098,
    "gripper_palm_link_y": 0.02646027134738224,
    "gripper_palm_link_z": 0.09245130555967157,
    "gripper_palm_link_ox": -0.12524370404774894,
    "gripper_palm_link_oy": 0.9913411589656805,
    "gripper_palm_link_oz": 0.00019400802383582523,
    "gripper_palm_link_ow": 0.03945482857481504,
    "gripper_finger_link_l_x": 0.45068075567600948,
    "gripper_finger_link_l_y": 0.033734467501108488,
    "gripper_finger_link_l_z": 0.046204985886391349,
    "gripper_finger_link_l_ox": 0.9913411589656934,
    "gripper_finger_link_l_oy": 0.12524370404764646,
    "gripper_finger_link_l_oz": 0.03945482857481504,
    "gripper_finger_link_l_ow": -0.00019400802383990866,
    "gripper_finger_link_r_x": 0.4546777218342998,
    "gripper_finger_link_r_y": 0.018144268497223359,
    "gripper_finger_link_r_z": 0.04635786202184164,
    "gripper_finger_link_r_ox": -0.12524370404774894,
    "gripper_finger_link_r_oy": 0.9913411589656805,
    "gripper_finger_link_r_oz": 0.00019400802383582523,
    "gripper_finger_link_r_ow": 0.03945482857481504,
    "base_footprint_x": -0.0006396499292784743,
    "base_footprint_y": -0.00004149757264953348,
    "base_footprint_z": 0.0,
    "base_footprint_ox": 0.0,
    "base_footprint_oy": 0.0,
    "base_footprint_oz": -0.000168763240920681,
    "base_footprint_ow": 0.9999999857594841,
    "base_link_x": -0.0006396499292784743,
    "base_link_y": -0.00004149757264953348,
    "base_link_z": 0.0,
    "base_link_ox": 0.0,
    "base_link_oy": 0.0,
    "base_link_oz": -0.000168763240920681,
    "base_link_ow": 0.9999999857594841,
    "wheel_link_bl_x": -0.22858630775855663,
    "wheel_link_bl_y": 0.15803544946410845,
    "wheel_link_bl_z": -0.034,
    "wheel_link_bl_ox": -0.00009317708668798018,
    "wheel_link_bl_oy": -0.5521171841259186,
    "wheel_link_bl_oz": -0.00014070913972586308,
    "wheel_link_bl_ow": 0.8337665059906371,
    "wheel_link_br_x": -0.2286929661252996,
    "wheel_link_br_y": -0.1579645325358796,
    "wheel_link_br_z": -0.034,
    "wheel_link_br_ox": -0.00010138669197738641,
    "wheel_link_br_oy": -0.6007628792886214,
    "wheel_link_br_oz": -0.00013491393618130927,
    "wheel_link_br_ow": 0.7994272539686234,
    "wheel_link_fl_x": 0.22741366626674265,
    "wheel_link_fl_y": 0.15788153739058054,
    "wheel_link_fl_z": -0.034,
    "wheel_link_fl_ox": 0.00004895886248249093,
    "wheel_link_fl_oy": 0.29010382544325649,
    "wheel_link_fl_oz": -0.0001615056075511694,
    "wheel_link_fl_ow": 0.9569951629878581,
    "wheel_link_fr_x": 0.22730700789999967,
    "wheel_link_fr_y": -0.15811844460940753,
    "wheel_link_fr_z": -0.034,
    "wheel_link_fr_ox": 0.00016169100022094278,
    "wheel_link_fr_oy": 0.9580937000041054,
    "wheel_link_fr_oz": 0.000048343065000089825,
    "wheel_link_fr_ow": -0.2864549415377781,
    "table_1_x": -0.5640734802739771,
    "table_1_y": 0.09975931060025134,
    "table_1_z": 0.0,
    "table_1_ox": 0.0,
    "table_1_oy": 0.0,
    "table_1_oz": -0.6366465996654082,
    "table_1_ow": 0.7711556957803486,
    "table_2_x": -2.2766663492208627,
    "table_2_y": -0.20222688980015952,
    "table_2_z": 0.0,
    "table_2_ox": 0.3694638080736431,
    "table_2_oy": -0.30554680334563535,
    "table_2_oz": -0.5672753401559189,
    "table_2_ow": 0.6695792215563238,
    "table_3_x": 0.02214033275792726,
    "table_3_y": -3.5699865069476885,
    "table_3_z": 0.0,
    "table_3_ox": 0.0,
    "table_3_oy": 0.0,
    "table_3_oz": 0.7712957250578337,
    "table_3_ow": 0.6364769473496353,
    "table_4_x": -0.7870186289993948,
    "table_4_y": -3.6971351389018416,
    "table_4_z": 0.0,
    "table_4_ox": 0.0,
    "table_4_oy": 0.0,
    "table_4_oz": 0.7712957250578337,
    "table_4_ow": 0.6364769473496353,
    "table_5_x": -1.6022994292353452,
    "table_5_y": -3.847661604238103,
    "table_5_z": 0.0,
    "table_5_ox": 0.30547280798732859,
    "table_5_oy": 0.3695258028220873,
    "table_5_oz": -0.5635682994358925,
    "table_5_ow": 0.6727018778775371,
    "table_6_x": -1.092842364469257,
    "table_6_y": -1.8208191093313274,
    "table_6_z": 0.0,
    "table_6_ox": 0.0,
    "table_6_oy": 0.0,
    "table_6_oz": 0.7774946040662822,
    "table_6_ow": 0.6288896092700331,
    "table_7_x": -1.0073782602737103,
    "table_7_y": -2.275916776754544,
    "table_7_z": 0.0,
    "table_7_ox": 0.0,
    "table_7_oy": 0.0,
    "table_7_oz": -0.6289051528127492,
    "table_7_ow": 0.7774820311528573,
    "object_1_x": 0.4617170749015332,
    "object_1_y": 0.12777778287044104,
    "object_1_z": 0.034867473570835309,
    "object_1_ox": 0.015763978441254144,
    "object_1_oy": 0.007477289414736059,
    "object_1_oz": 0.7244035417340009,
    "object_1_ow": 0.6891553495765287,
    "object_2_x": 0.4658538533056089,
    "object_2_y": 0.035409025840418637,
    "object_2_z": 0.03330254102725544,
    "object_2_ox": -0.0016160220035110072,
    "object_2_oy": -0.011124354458080554,
    "object_2_oz": 0.7244221930229191,
    "object_2_ow": 0.6892649153022659,
    "object_3_x": 0.4699884399778525,
    "object_3_y": -0.06206293768085347,
    "object_3_z": 0.034150286071222949,
    "object_3_ox": -0.0036220734560852326,
    "object_3_oy": -0.007822301484267007,
    "object_3_oz": 0.7235986031490523,
    "object_3_ow": 0.6901671925730085
}
