{
    "state": "final",
    "arm_joint_1": 1.4287298820849659,
    "arm_joint_2": 2.0883233704376997,
    "arm_joint_3": -1.382253643689705,
    "arm_joint_4": 2.741017466365168,
    "arm_joint_5": 2.204690078278381,
    "arm_link_0_x": 0.2255728512714985,
    "arm_link_0_y": 0.01524780450150333,
    "arm_link_0_z": 0.088,
    "arm_link_0_ox": 0.0,
    "arm_link_0_oy": 0.0,
    "arm_link_0_oz": -0.3832091568155947,
    "arm_link_0_ow": 0.9236615950296304,
    "arm_link_1_x": 0.2425240868938672,
    "arm_link_1_y": -0.0017420633871807685,
    "arm_link_1_z": 0.184,
    "arm_link_1_ox": 0.0,
    "arm_link_1_oy": 0.0,
    "arm_link_1_oz": 0.36710679980939206,
    "arm_link_1_ow": 0.9301787986907179,
    "arm_link_2_x": 0.2666294383310919,
    "arm_link_2_y": 0.020795284107320248,
    "arm_link_2_z": 0.203,
    "arm_link_2_ox": -0.1685217140105949,
    "arm_link_2_oy": 0.4270019666567491,
    "arm_link_2_oz": 0.3261408198512174,
    "arm_link_2_ow": 0.8263787981337466,
    "arm_link_3_x": 0.3589795425623767,
    "arm_link_3_y": 0.10713820242709912,
    "arm_link_3_z": 0.29267362323724196,
    "arm_link_3_ox": -0.3202284622547487,
    "arm_link_3_oy": 0.8113980086485926,
    "arm_link_3_oz": 0.17950246357153963,
    "arm_link_3_ow": 0.4548250972569627,
    "arm_link_4_x": 0.44310138524803385,
    "arm_link_4_y": 0.18578809083140958,
    "arm_link_4_z": 0.22222711418846745,
    "arm_link_4_ox": -0.36688356474736269,
    "arm_link_4_oy": 0.9296131635078994,
    "arm_link_4_oz": 0.012800483762763618,
    "arm_link_4_ow": 0.032433990912970517,
    "arm_link_5_x": 0.4511770054165898,
    "arm_link_5_y": 0.1933384083800386,
    "arm_link_5_z": 0.09268261579579899,
    "arm_link_5_ox": -0.016517721905227227,
    "arm_link_5_oy": 0.999255397139269,
    "arm_link_5_oz": 0.02338925770613782,
    "arm_link_5_ow": 0.025860370744815367,
    "gripper_palm_link_x": 0.4511770054165898,
    "gripper_palm_link_y": 0.1933384083800386,
    "gripper_palm_link_z": 0.09268261579579899,
    "gripper_palm_link_ox": -0.016517721905227227,
    "gripper_palm_link_oy": 0.999255397139269,
    "gripper_palm_link_oz": 0.02338925770613782,
    "gripper_palm_link_ow": 0.025860370744815367,
    "gripper_finger_link_l_x": 0.4492509854722497,
    "gripper_finger_link_l_y": 0.20343508340670939,
    "gripper_finger_link_l_z": 0.04695394913886691,
    "gripper_finger_link_l_ox": 0.9992553971392707,
    "gripper_finger_link_l_oy": 0.016517721905123817,
    "gripper_finger_link_l_oz": 0.0258603707448129,
    "gripper_finger_link_l_ow": -0.023389257706140498,
    "gripper_finger_link_r_x": 0.44980176997585516,
    "gripper_finger_link_r_y": 0.18736633960667288,
    "gripper_finger_link_r_z": 0.046215353387843997,
    "gripper_finger_link_r_ox": -0.016517721905227227,
    "gripper_finger_link_r_oy": 0.999255397139269,
    "gripper_finger_link_r_oz": 0.02338925770613782,
    "gripper_finger_link_r_ow": 0.025860370744815367,
    "base_footprint_x": 0.0021116387413711815,
    "base_footprint_y": -0.00005420790223612111,
    "base_footprint_z": 0.0,
    "base_footprint_ox": 0.0,
    "base_footprint_oy": 0.0,
    "base_footprint_oz": -0.0005691071233077313,
    "base_footprint_ow": 0.999999838058528,
    "base_link_x": 0.0021116387413711815,
    "base_link_y": -0.00005420790223612111,
    "base_link_z": 0.0,
    "base_link_ox": 0.0,
    "base_link_oy": 0.0,
    "base_link_oz": -0.0005691071233077313,
    "base_link_ow": 0.999999838058528,
    "wheel_link_bl_x": -0.22570837574617626,
    "wheel_link_bl_y": 0.1582052025569643,
    "wheel_link_bl_z": -0.034,
    "wheel_link_bl_ox": -0.00030207028288752323,
    "wheel_link_bl_oy": -0.5307792181797724,
    "wheel_link_bl_oz": -0.00048232402179017905,
    "wheel_link_bl_ow": 0.8475099395674082,
    "wheel_link_br_x": -0.22606805138986037,
    "wheel_link_br_y": -0.15779459274903166,
    "wheel_link_br_z": -0.034,
    "wheel_link_br_ox": -0.0003341047780237152,
    "wheel_link_br_oy": -0.5870682517140738,
    "wheel_link_br_oz": -0.0004607134848268773,
    "wheel_link_br_ow": 0.8095372406174178,
    "wheel_link_fl_x": 0.23029132887260274,
    "wheel_link_fl_y": 0.15768617694455942,
    "wheel_link_fl_z": -0.034,
    "wheel_link_fl_ox": 0.0001805597884457656,
    "wheel_link_fl_oy": 0.3172684927157628,
    "wheel_link_fl_oz": -0.0005397046234710443,
    "wheel_link_fl_ow": 0.9483355838767995,
    "wheel_link_fr_x": 0.22993165322891863,
    "wheel_link_fr_y": -0.15831361836143655,
    "wheel_link_fr_z": -0.034,
    "wheel_link_fr_ox": 0.0005422729677281245,
    "wheel_link_fr_oy": 0.9528485195544115,
    "wheel_link_fr_oz": 0.00017269321431641113,
    "wheel_link_fr_ow": -0.3034458351997081,
    "table_1_x": -0.5640734802739771,
    "table_1_y": 0.09975931060025134,
    "table_1_z": 0.0,
    "table_1_ox": 0.0,
    "table_1_oy": 0.0,
    "table_1_oz": -0.6366465996654082,
    "table_1_ow": 0.7711556957803486,
    "table_2_x": -2.2766663492208627,
    "table_2_y": -0.20222688980015952,
    "table_2_z": 0.0,
    "table_2_ox": 0.3694638080736431,
    "table_2_oy": -0.30554680334563535,
    "table_2_oz": -0.5672753401559189,
    "table_2_ow": 0.6695792215563238,
    "table_3_x": 0.02214033275792726,
    "table_3_y": -3.5699865069476885,
    "table_3_z": 0.0,
    "table_3_ox": 0.0,
    "table_3_oy": 0.0,
    "table_3_oz": 0.7712957250578337,
    "table_3_ow": 0.6364769473496353,
    "table_4_x": -0.7870186289993948,
    "table_4_y": -3.6971351389018416,
    "table_4_z": 0.0,
    "table_4_ox": 0.0,
    "table_4_oy": 0.0,
    "table_4_oz": 0.7712957250578337,
    "table_4_ow": 0.6364769473496353,
    "table_5_x": -1.6022994292353452,
    "table_5_y": -3.847661604238103,
    "table_5_z": 0.0,
    "table_5_ox": 0.30547280798732859,
    "table_5_oy": 0.3695258028220873,
    "table_5_oz": -0.5635682994358925,
    "table_5_ow": 0.6727018778775371,
    "table_6_x": -1.092842364469257,
    "table_6_y": -1.8208191093313274,
    "table_6_z": 0.0,
    "table_6_ox": 0.0,
    "table_6_oy": 0.0,
    "table_6_oz": 0.7774946040662822,
    "table_6_ow": 0.6288896092700331,
    "table_7_x": -1.0073782602737103,
    "table_7_y": -2.275916776754544,
    "table_7_z": 0.0,
    "table_7_ox": 0.0,
    "table_7_oy": 0.0,
    "table_7_oz": -0.6289051528127492,
    "table_7_ow": 0.7774820311528573,
    "object_1_x": 0.45686243228317427,
    "object_1_y": 0.3180600992510676,
    "object_1_z": 0.018146914840092899,
    "object_1_ox": 0.1558296842087898,
    "object_1_oy": -0.38523701486135605,
    "object_1_oz": 0.6347653639936959,
    "object_1_ow": 0.6514464556462418,
    "object_2_x": 0.4547954137349065,
    "object_2_y": 0.22120327941592489,
    "object_2_z": 0.034153140115390837,
    "object_2_ox": -0.014425606717088449,
    "object_2_oy": 0.017167776606787756,
    "object_2_oz": 0.7033528813219537,
    "object_2_ow": 0.710487081974985,
    "object_3_x": 0.45284843042142616,
    "object_3_y": 0.1234994048048792,
    "object_3_z": 0.037364016251097479,
    "object_3_ox": 0.040162383859680548,
    "object_3_oy": 0.023923951615682078,
    "object_3_oz": 0.7039720539447837,
    "object_3_ow": 0.7086875014606655
}
