{
    "state": "final",
    "arm_joint_1": 1.5531147989112309,
    "arm_joint_2": 1.856751742722129,
    "arm_joint_3": -0.8991238174573988,
    "arm_joint_4": 2.418915723804507,
    "arm_joint_5": 2.3641148435020997,
    "arm_link_0_x": 0.2249536015250783,
    "arm_link_0_y": 0.015507839704380244,
    "arm_link_0_z": 0.08800000000000001,
    "arm_link_0_ox": 0.0,
    "arm_link_0_oy": 0.0,
    "arm_link_0_oz": -0.3828661941360604,
    "arm_link_0_ow": 0.9238038089268568,
    "arm_link_1_x": 0.24191744843969119,
    "arm_link_1_y": -0.0014694362213264158,
    "arm_link_1_z": 0.184,
    "arm_link_1_ox": 0.0,
    "arm_link_1_oy": 0.0,
    "arm_link_1_oz": 0.3089373800276774,
    "arm_link_1_ow": 0.9510823808806651,
    "arm_link_2_x": 0.26861825632431909,
    "arm_link_2_y": 0.017923007108697633,
    "arm_link_2_z": 0.20300000000000008,
    "arm_link_2_ox": -0.10916133695837191,
    "arm_link_2_oy": 0.33605976798658568,
    "arm_link_2_oz": 0.2890088360099503,
    "arm_link_2_ow": 0.8897311546542791,
    "arm_link_3_x": 0.3515290752106157,
    "arm_link_3_y": 0.07814003738155542,
    "arm_link_3_z": 0.31929576680482149,
    "arm_link_3_ox": -0.28630828840939018,
    "arm_link_3_oy": 0.8814173557821837,
    "arm_link_3_oz": 0.11605976377044275,
    "arm_link_3_ow": 0.3572969915176699,
    "arm_link_4_x": 0.4275877774476282,
    "arm_link_4_y": 0.1333804660329896,
    "arm_link_4_z": 0.2224011392116094,
    "arm_link_4_ox": -0.3081776041692606,
    "arm_link_4_oy": 0.9487433650183114,
    "arm_link_4_oz": 0.021653384651368396,
    "arm_link_4_ow": 0.0666612522787087,
    "arm_link_5_x": 0.4438986552903587,
    "arm_link_5_y": 0.14522684070430426,
    "arm_link_5_z": 0.09395808306941706,
    "arm_link_5_ox": -0.03432829993977333,
    "arm_link_5_oy": 0.9969498363513679,
    "arm_link_5_oz": 0.03921232439475723,
    "arm_link_5_ow": 0.0580946231400642,
    "gripper_palm_link_x": 0.4438986552903587,
    "gripper_palm_link_y": 0.14522684070430426,
    "gripper_palm_link_z": 0.09395808306941706,
    "gripper_palm_link_ox": -0.03432829993977333,
    "gripper_palm_link_oy": 0.9969498363513679,
    "gripper_palm_link_oz": 0.03921232439475723,
    "gripper_palm_link_ow": 0.0580946231400642,
    "gripper_finger_link_l_x": 0.4445521467061343,
    "gripper_finger_link_l_y": 0.1567551342560632,
    "gripper_finger_link_l_z": 0.04853303766057905,
    "gripper_finger_link_l_ox": 0.9969498363513715,
    "gripper_finger_link_l_oy": 0.0343282999396703,
    "gripper_finger_link_l_oz": 0.058094623140060138,
    "gripper_finger_link_l_ow": -0.03921232439476324,
    "gripper_finger_link_r_x": 0.4457271437514727,
    "gripper_finger_link_r_y": 0.1407474279144494,
    "gripper_finger_link_r_z": 0.04733882905729593,
    "gripper_finger_link_r_ox": -0.03432829993977333,
    "gripper_finger_link_r_oy": 0.9969498363513679,
    "gripper_finger_link_r_oz": 0.03921232439475723,
    "gripper_finger_link_r_ow": 0.0580946231400642,
    "base_footprint_x": 0.0015038132371126804,
    "base_footprint_y": 0.0000398985646462356,
    "base_footprint_z": 0.0,
    "base_footprint_ox": 0.0,
    "base_footprint_oy": 0.0,
    "base_footprint_oz": -0.00019782802095009134,
    "base_footprint_ow": 0.9999999804320369,
    "base_link_x": 0.0015038132371126804,
    "base_link_y": 0.0000398985646462356,
    "base_link_z": 0.0,
    "base_link_ox": 0.0,
    "base_link_oy": 0.0,
    "base_link_oz": -0.00019782802095009134,
    "base_link_ow": 0.9999999804320369,
    "wheel_link_bl_x": -0.22643365526350815,
    "wheel_link_bl_y": 0.1581300957734817,
    "wheel_link_bl_z": -0.034,
    "wheel_link_bl_ox": -0.00010628422377128461,
    "wheel_link_bl_oy": -0.5372556485227771,
    "wheel_link_bl_oz": -0.00016685199923994096,
    "wheel_link_bl_ow": 0.8434194264981358,
    "wheel_link_br_x": -0.2265586825703021,
    "wheel_link_br_y": -0.15786987949261317,
    "wheel_link_br_z": -0.034,
    "wheel_link_br_ox": -0.00011671710894329576,
    "wheel_link_br_oy": -0.5899927932293548,
    "wheel_link_br_oz": -0.00015972802619749796,
    "wheel_link_br_ow": 0.807408486951616,
    "wheel_link_fl_x": 0.22956630904452747,
    "wheel_link_fl_y": 0.15794967662190563,
    "wheel_link_fl_z": -0.034,
    "wheel_link_fl_ox": 0.00006066784621311157,
    "wheel_link_fl_oy": 0.30666962513501,
    "wheel_link_fl_oz": -0.00018829587969175534,
    "wheel_link_fl_ow": 0.951816002115759,
    "wheel_link_fr_x": 0.2294412817377335,
    "wheel_link_fr_y": -0.15805029864418924,
    "wheel_link_fr_z": -0.034,
    "wheel_link_fr_ox": 0.00018868899837270713,
    "wheel_link_fr_oy": 0.9538031759820862,
    "wheel_link_fr_oz": 0.000059433894085229625,
    "wheel_link_fr_ow": -0.30043212602942417,
    "table_1_x": -0.5640734802739771,
    "table_1_y": 0.09975931060025134,
    "table_1_z": 0.0,
    "table_1_ox": 0.0,
    "table_1_oy": 0.0,
    "table_1_oz": -0.6366465996654082,
    "table_1_ow": 0.7711556957803486,
    "table_2_x": -2.2766663492208627,
    "table_2_y": -0.20222688980015952,
    "table_2_z": 0.0,
    "table_2_ox": 0.3694638080736431,
    "table_2_oy": -0.30554680334563535,
    "table_2_oz": -0.5672753401559189,
    "table_2_ow": 0.6695792215563238,
    "table_3_x": 0.02214033275792726,
    "table_3_y": -3.5699865069476885,
    "table_3_z": 0.0,
    "table_3_ox": 0.0,
    "table_3_oy": 0.0,
    "table_3_oz": 0.7712957250578337,
    "table_3_ow": 0.6364769473496353,
    "table_4_x": -0.7870186289993948,
    "table_4_y": -3.6971351389018416,
    "table_4_z": 0.0,
    "table_4_ox": 0.0,
    "table_4_oy": 0.0,
    "table_4_oz": 0.7712957250578337,
    "table_4_ow": 0.6364769473496353,
    "table_5_x": -1.6022994292353452,
    "table_5_y": -3.847661604238103,
    "table_5_z": 0.0,
    "table_5_ox": 0.30547280798732859,
    "table_5_oy": 0.3695258028220873,
    "table_5_oz": -0.5635682994358925,
    "table_5_ow": 0.6727018778775371,
    "table_6_x": -1.092842364469257,
    "table_6_y": -1.8208191093313274,
    "table_6_z": 0.0,
    "table_6_ox": 0.0,
    "table_6_oy": 0.0,
    "table_6_oz": 0.7774946040662822,
    "table_6_ow": 0.6288896092700331,
    "table_7_x": -1.0073782602737103,
    "table_7_y": -2.275916776754544,
    "table_7_z": 0.0,
    "table_7_ox": 0.0,
    "table_7_oy": 0.0,
    "table_7_oz": -0.6289051528127492,
    "table_7_ow": 0.7774820311528573,
    "object_1_x": 0.4617170749015332,
    "object_1_y": 0.12777778287044104,
    "object_1_z": 0.034867473570835309,
    "object_1_ox": 0.015763978441254144,
    "object_1_oy": 0.007477289414736059,
    "object_1_oz": 0.7244035417340009,
    "object_1_ow": 0.6891553495765287,
    "object_2_x": 0.47157526898230608,
    "object_2_y": 0.15208004553954908,
    "object_2_z": 0.03404526861288093,
    "object_2_ox": 0.014915640010974929,
    "object_2_oy": 0.014386571273897737,
    "object_2_oz": 0.7283806471353915,
    "object_2_ow": 0.684859243296513,
    "object_3_x": 0.47743102013644869,
    "object_3_y": 0.05390029594696771,
    "object_3_z": 0.03277186824559397,
    "object_3_ox": 0.00046427089021829727,
    "object_3_oy": -0.00039302822717067465,
    "object_3_oz": 0.7283276249867461,
    "object_3_ow": 0.6852287943909823
}
