{
    "state": "final",
    "arm_link_0_x": 0.22348182660077735,
    "arm_link_0_y": 0.01553522862816064,
    "arm_link_0_z": 0.08799999999999997,
    "arm_link_0_ox": 0.0,
    "arm_link_0_oy": 0.0,
    "arm_link_0_oz": -0.3826808337482877,
    "arm_link_0_ow": 0.923880608889328,
    "arm_link_1_x": 0.24045248481589968,
    "arm_link_1_y": -0.0014352386531342617,
    "arm_link_1_z": 0.18399999999999998,
    "arm_link_1_ox": 0.0,
    "arm_link_1_oy": 0.0,
    "arm_link_1_oz": -0.04352436390847375,
    "arm_link_1_ow": 0.9990523658679573,
    "arm_link_2_x": 0.27332745637915958,
    "arm_link_2_y": -0.0043051244896877339,
    "arm_link_2_z": 0.20299999999999999,
    "arm_link_2_ox": 0.01595907219950949,
    "arm_link_2_oy": 0.36632238604349479,
    "arm_link_2_oz": -0.04049294096713772,
    "arm_link_2_ow": 0.9294694934368548,
    "arm_link_3_x": 0.3786776247539678,
    "arm_link_3_y": -0.013501876356547899,
    "arm_link_3_z": 0.31632149742435886,
    "arm_link_3_ox": 0.040226306495924808,
    "arm_link_3_oy": 0.9233492018262208,
    "arm_link_3_oz": -0.016619702745030528,
    "arm_link_3_ow": 0.38148641028645288,
    "arm_link_4_x": 0.47360331301501237,
    "arm_link_4_y": -0.021788602559222906,
    "arm_link_4_z": 0.22068968327755457,
    "arm_link_4_ox": 0.04333836485873248,
    "arm_link_4_oy": 0.9947829688221094,
    "arm_link_4_oz": -0.00401950059194391,
    "arm_link_4_ow": 0.09226307326245373,
    "arm_link_5_x": 0.49937970945164919,
    "arm_link_5_y": -0.024038804203003609,
    "arm_link_5_z": 0.09327495108655693,
    "arm_link_5_ox": -0.3921249868244473,
    "arm_link_5_oy": 0.9152646413115091,
    "arm_link_5_oz": -0.04361299028854653,
    "arm_link_5_ow": 0.08140355121819129,
    "gripper_palm_link_x": 0.49937970945164919,
    "gripper_palm_link_y": -0.024038804203003609,
    "gripper_palm_link_z": 0.09327495108655693,
    "gripper_palm_link_ox": -0.3921249868244473,
    "gripper_palm_link_oy": 0.9152646413115091,
    "gripper_palm_link_oz": -0.04361299028854653,
    "gripper_palm_link_ow": 0.08140355121819129,
    "gripper_finger_link_l_x": 0.49937133841589539,
    "gripper_finger_link_l_y": -0.02213198766518772,
    "gripper_finger_link_l_z": 0.04644411365802182,
    "gripper_finger_link_l_ox": 0.9152646413115496,
    "gripper_finger_link_l_oy": 0.3921249868243529,
    "gripper_finger_link_l_oz": 0.08140355121819584,
    "gripper_finger_link_l_ow": 0.04361299028853809,
    "gripper_finger_link_r_x": 0.5108100836867939,
    "gripper_finger_link_r_y": -0.03321625425347107,
    "gripper_finger_link_r_z": 0.04875659185065602,
    "gripper_finger_link_r_ox": -0.3921249868244473,
    "gripper_finger_link_r_oy": 0.9152646413115091,
    "gripper_finger_link_r_oz": -0.04361299028854653,
    "gripper_finger_link_r_ow": 0.08140355121819129,
    "base_footprint_x": 0.00003826330175449766,
    "base_footprint_y": -0.00002237752685208971,
    "base_footprint_z": 0.0,
    "base_footprint_ox": 0.0,
    "base_footprint_oy": 0.0,
    "base_footprint_oz": 0.000002812720695417409,
    "base_footprint_ow": 0.9999999999960443,
    "base_link_x": 0.00003826330175449766,
    "base_link_y": -0.00002237752685208971,
    "base_link_z": 0.0,
    "base_link_ox": 0.0,
    "base_link_oy": 0.0,
    "base_link_oz": 0.000002812720695417409,
    "base_link_ow": 0.9999999999960443,
    "wheel_link_bl_x": -0.22796262551437763,
    "wheel_link_bl_y": 0.15797633987001084,
    "wheel_link_bl_z": -0.033999999999999998,
    "wheel_link_bl_ox": 0.0000014929339334396369,
    "wheel_link_bl_oy": -0.5307793041328546,
    "wheel_link_bl_oz": 0.000002383809132630767,
    "wheel_link_bl_ow": 0.847510076811085,
    "wheel_link_br_x": -0.22796084787489816,
    "wheel_link_br_y": -0.15802366012498918,
    "wheel_link_br_z": -0.033999999999999998,
    "wheel_link_br_ox": 0.0000016511900735400438,
    "wheel_link_br_oy": -0.5870437389050728,
    "wheel_link_br_oz": 0.000002277052711614779,
    "wheel_link_br_ow": 0.8095552165259893,
    "wheel_link_fl_x": 0.22803737447840714,
    "wheel_link_fl_y": 0.157978905071285,
    "wheel_link_fl_z": -0.033999999999999998,
    "wheel_link_fl_ox": -8.955493464166754e-7,
    "wheel_link_fl_oy": 0.31839256129205997,
    "wheel_link_fl_oz": 0.0000026663437660140634,
    "wheel_link_fl_ow": 0.9479589531757008,
    "wheel_link_fr_x": 0.2280391521178866,
    "wheel_link_fr_y": -0.158021094923715,
    "wheel_link_fr_z": -0.033999999999999998,
    "wheel_link_fr_ox": -0.0000026804860689997005,
    "wheel_link_fr_oy": 0.9529869330276009,
    "wheel_link_fr_oz": -8.522864215320618e-7,
    "wheel_link_fr_ow": -0.30301139495196507,
    "table_1_x": -0.5640734802739771,
    "table_1_y": 0.09975931060025134,
    "table_1_z": 0.0,
    "table_1_ox": 0.0,
    "table_1_oy": 0.0,
    "table_1_oz": -0.6366465996654082,
    "table_1_ow": 0.7711556957803486,
    "table_2_x": -2.2766663492208627,
    "table_2_y": -0.20222688980015952,
    "table_2_z": 0.0,
    "table_2_ox": 0.3694638080736431,
    "table_2_oy": -0.30554680334563535,
    "table_2_oz": -0.5672753401559189,
    "table_2_ow": 0.6695792215563238,
    "table_3_x": 0.02214033275792726,
    "table_3_y": -3.5699865069476885,
    "table_3_z": 0.0,
    "table_3_ox": 0.0,
    "table_3_oy": 0.0,
    "table_3_oz": 0.7712957250578337,
    "table_3_ow": 0.6364769473496353,
    "table_4_x": -0.7870186289993948,
    "table_4_y": -3.6971351389018416,
    "table_4_z": 0.0,
    "table_4_ox": 0.0,
    "table_4_oy": 0.0,
    "table_4_oz": 0.7712957250578337,
    "table_4_ow": 0.6364769473496353,
    "table_5_x": -1.6022994292353452,
    "table_5_y": -3.847661604238103,
    "table_5_z": 0.0,
    "table_5_ox": 0.30547280798732859,
    "table_5_oy": 0.3695258028220873,
    "table_5_oz": -0.5635682994358925,
    "table_5_ow": 0.6727018778775371,
    "table_6_x": -1.092842364469257,
    "table_6_y": -1.8208191093313274,
    "table_6_z": 0.0,
    "table_6_ox": 0.0,
    "table_6_oy": 0.0,
    "table_6_oz": 0.7774946040662822,
    "table_6_ow": 0.6288896092700331,
    "table_7_x": -1.0073782602737103,
    "table_7_y": -2.275916776754544,
    "table_7_z": 0.0,
    "table_7_ox": 0.0,
    "table_7_oy": 0.0,
    "table_7_oz": -0.6289051528127492,
    "table_7_ow": 0.7774820311528573,
    "object_2_x": 0.507309811578051,
    "object_2_y": -0.02285365562620619,
    "object_2_z": 0.03979014618997323,
    "object_2_ox": 0.013266307922019973,
    "object_2_oy": -0.006123726022422147,
    "object_2_oz": 0.9122631512590383,
    "object_2_ow": 0.40934392374707309
}
