{
    "state": "final",
    "arm_joint_1": 2.587866809980146,
    "arm_joint_2": 1.9876111597928115,
    "arm_joint_3": -1.182841050003093,
    "arm_joint_4": 2.7050218942004458,
    "arm_joint_5": 2.7369687941425839,
    "arm_link_0_x": 0.22362430638177775,
    "arm_link_0_y": 0.015445891376397275,
    "arm_link_0_z": 0.088,
    "arm_link_0_ox": 0.0,
    "arm_link_0_oy": 0.0,
    "arm_link_0_oz": -0.3828168239496036,
    "arm_link_0_ow": 0.9238242686253366,
    "arm_link_1_x": 0.24058996778823234,
    "arm_link_1_y": -0.0015295712989331339,
    "arm_link_1_z": 0.184,
    "arm_link_1_ox": 0.0,
    "arm_link_1_oy": 0.0,
    "arm_link_1_oz": -0.20185056273716912,
    "arm_link_1_ow": 0.979416331455979,
    "arm_link_2_x": 0.2709008869095298,
    "arm_link_2_y": -0.014577489984385104,
    "arm_link_2_z": 0.203,
    "arm_link_2_ox": 0.08351644879350695,
    "arm_link_2_oy": 0.4052372843769407,
    "arm_link_2_oz": -0.18376248925782807,
    "arm_link_2_ow": 0.8916496473803434,
    "arm_link_3_x": 0.3781554591802273,
    "arm_link_3_y": -0.06074728549704226,
    "arm_link_3_z": 0.3049304013008344,
    "arm_link_3_ox": 0.18072932341389104,
    "arm_link_3_oy": 0.87693216468779,
    "arm_link_3_oz": -0.08989194255142698,
    "arm_link_3_ow": 0.4361723614108017,
    "arm_link_4_x": 0.4770422742202727,
    "arm_link_4_y": -0.10331501881263346,
    "arm_link_4_z": 0.22347866165330736,
    "arm_link_4_ox": 0.20184930994539128,
    "arm_link_4_oy": 0.9794102526781421,
    "arm_link_4_oz": -0.0007111623451931928,
    "arm_link_4_ow": 0.003450691470727758,
    "arm_link_5_x": 0.4797206387094065,
    "arm_link_5_y": -0.10446797237119665,
    "arm_link_5_z": 0.09349598180035479,
    "arm_link_5_ox": 0.2921498260166513,
    "arm_link_5_oy": 0.9563660732872811,
    "arm_link_5_oz": -0.00038683582340305915,
    "arm_link_5_ow": 0.003501911128670428,
    "gripper_palm_link_x": 0.4797206387094065,
    "gripper_palm_link_y": -0.10446797237119665,
    "gripper_palm_link_z": 0.09349598180035479,
    "gripper_palm_link_ox": 0.2921498260166513,
    "gripper_palm_link_oy": 0.9563660732872811,
    "gripper_palm_link_oz": -0.00038683582340305915,
    "gripper_palm_link_ow": 0.003501911128670428,
    "gripper_finger_link_l_x": 0.4811983077428391,
    "gripper_finger_link_l_y": -0.09568710397000427,
    "gripper_finger_link_l_z": 0.047479938967560249,
    "gripper_finger_link_l_ox": 0.9563660732872508,
    "gripper_finger_link_l_oy": -0.29214982601675029,
    "gripper_finger_link_l_oz": 0.0035019111286705565,
    "gripper_finger_link_l_ow": 0.0003868358234027101,
    "gripper_finger_link_r_x": 0.4722042316992426,
    "gripper_finger_link_r_y": -0.10903474678304802,
    "gripper_finger_link_r_z": 0.04745891466125667,
    "gripper_finger_link_r_ox": 0.2921498260166513,
    "gripper_finger_link_r_oy": 0.9563660732872811,
    "gripper_finger_link_r_oz": -0.00038683582340305915,
    "gripper_finger_link_r_ow": 0.003501911128670428,
    "base_footprint_x": 0.00017617263609069744,
    "base_footprint_y": -0.00004593274500579924,
    "base_footprint_z": 0.0,
    "base_footprint_ox": 0.0,
    "base_footprint_oy": 0.0,
    "base_footprint_oz": -0.000144386328526936,
    "base_footprint_ow": 0.9999999895762941,
    "base_link_x": 0.00017617263609069744,
    "base_link_y": -0.00004593274500579924,
    "base_link_z": 0.0,
    "base_link_ox": 0.0,
    "base_link_oy": 0.0,
    "base_link_oz": -0.000144386328526936,
    "base_link_ow": 0.9999999895762941,
    "wheel_link_bl_x": -0.22777819177815057,
    "wheel_link_bl_y": 0.15801990083233403,
    "wheel_link_bl_z": -0.034,
    "wheel_link_bl_ox": -0.00007635810146030526,
    "wheel_link_bl_oy": -0.5288457809225744,
    "wheel_link_bl_oz": -0.0001225432666729022,
    "wheel_link_bl_ow": 0.8487179267300654,
    "wheel_link_br_x": -0.2278694439368284,
    "wheel_link_br_y": -0.15798008599210168,
    "wheel_link_br_z": -0.034,
    "wheel_link_br_ox": -0.00008471489348592637,
    "wheel_link_br_oy": -0.5867237810335985,
    "wheel_link_br_oz": -0.00011692219073878345,
    "wheel_link_br_ow": 0.8097871225959488,
    "wheel_link_fl_x": 0.22822178920900983,
    "wheel_link_fl_y": 0.15788822050209007,
    "wheel_link_fl_z": -0.034,
    "wheel_link_fl_ox": 0.000046383216088786844,
    "wheel_link_fl_oy": 0.32124381912411328,
    "wheel_link_fl_oz": -0.00013673335046999032,
    "wheel_link_fl_ow": 0.9469965088780118,
    "wheel_link_fr_x": 0.22813053705033199,
    "wheel_link_fr_y": -0.15811176632234565,
    "wheel_link_fr_z": -0.034,
    "wheel_link_fr_ox": 0.00013759296379566043,
    "wheel_link_fr_oy": 0.9529500733565862,
    "wheel_link_fr_oz": 0.00004376743286296762,
    "wheel_link_fr_ow": -0.3031272617932364,
    "table_1_x": -0.5640734802739771,
    "table_1_y": 0.09975931060025134,
    "table_1_z": 0.0,
    "table_1_ox": 0.0,
    "table_1_oy": 0.0,
    "table_1_oz": -0.6366465996654082,
    "table_1_ow": 0.7711556957803486,
    "table_2_x": -2.2766663492208627,
    "table_2_y": -0.20222688980015952,
    "table_2_z": 0.0,
    "table_2_ox": 0.3694638080736431,
    "table_2_oy": -0.30554680334563535,
    "table_2_oz": -0.5672753401559189,
    "table_2_ow": 0.6695792215563238,
    "table_3_x": 0.02214033275792726,
    "table_3_y": -3.5699865069476885,
    "table_3_z": 0.0,
    "table_3_ox": 0.0,
    "table_3_oy": 0.0,
    "table_3_oz": 0.7712957250578337,
    "table_3_ow": 0.6364769473496353,
    "table_4_x": -0.7870186289993948,
    "table_4_y": -3.6971351389018416,
    "table_4_z": 0.0,
    "table_4_ox": 0.0,
    "table_4_oy": 0.0,
    "table_4_oz": 0.7712957250578337,
    "table_4_ow": 0.6364769473496353,
    "table_5_x": -1.6022994292353452,
    "table_5_y": -3.847661604238103,
    "table_5_z": 0.0,
    "table_5_ox": 0.30547280798732859,
    "table_5_oy": 0.3695258028220873,
    "table_5_oz": -0.5635682994358925,
    "table_5_ow": 0.6727018778775371,
    "table_6_x": -1.092842364469257,
    "table_6_y": -1.8208191093313274,
    "table_6_z": 0.0,
    "table_6_ox": 0.0,
    "table_6_oy": 0.0,
    "table_6_oz": 0.7774946040662822,
    "table_6_ow": 0.6288896092700331,
    "table_7_x": -1.0073782602737103,
    "table_7_y": -2.275916776754544,
    "table_7_z": 0.0,
    "table_7_ox": 0.0,
    "table_7_oy": 0.0,
    "table_7_oz": -0.6289051528127492,
    "table_7_ow": 0.7774820311528573,
    "object_2_x": 0.49015943395809666,
    "object_2_y": -0.104120473642275,
    "object_2_z": 0.03639055961414131,
    "object_2_ox": -0.008413756399848786,
    "object_2_oy": -0.014341518171025882,
    "object_2_oz": 0.4159777282419038,
    "object_2_ow": 0.9092227775229231
}
