{
    "state": "final",
    "arm_joint_1": 2.5793683990838969,
    "arm_joint_2": 1.7102347084196128,
    "arm_joint_3": -0.5349346890900021,
    "arm_joint_4": 2.0864599998221564,
    "arm_joint_5": 3.3959067912870797,
    "arm_link_0_x": 0.22521116639622569,
    "arm_link_0_y": 0.01524651058343494,
    "arm_link_0_z": 0.088,
    "arm_link_0_ox": 0.0,
    "arm_link_0_oy": 0.0,
    "arm_link_0_oz": -0.38310177013994148,
    "arm_link_0_ow": 0.9237061403474828,
    "arm_link_1_x": 0.24216635201457654,
    "arm_link_1_y": -0.0017394153744652464,
    "arm_link_1_z": 0.18399999999999998,
    "arm_link_1_ox": 0.0,
    "arm_link_1_oy": 0.0,
    "arm_link_1_oz": -0.19798937663146946,
    "arm_link_1_ow": 0.980204165845607,
    "arm_link_2_x": 0.272579165659488,
    "arm_link_2_y": -0.014548036151109768,
    "arm_link_2_z": 0.203,
    "arm_link_2_ox": 0.05621418014341677,
    "arm_link_2_oy": 0.27830469742190419,
    "arm_link_2_oz": -0.18984140541441775,
    "arm_link_2_ow": 0.9398652574353329,
    "arm_link_3_x": 0.35035727816831699,
    "arm_link_3_y": -0.04730496418415507,
    "arm_link_3_z": 0.3330098030165488,
    "arm_link_3_ox": 0.19048056124184813,
    "arm_link_3_oy": 0.943029584811533,
    "arm_link_3_oz": -0.054008786765751128,
    "arm_link_3_ow": 0.2673862541554255,
    "arm_link_4_x": 0.415660969709167,
    "arm_link_4_y": -0.07480818141449078,
    "arm_link_4_z": 0.21810113966552695,
    "arm_link_4_ox": 0.19638128580301654,
    "arm_link_4_oy": 0.972242843092207,
    "arm_link_4_oz": -0.02518300707365519,
    "arm_link_4_ow": 0.12467582282489358,
    "arm_link_5_x": 0.44767465436436629,
    "arm_link_5_y": -0.08829102292988413,
    "arm_link_5_z": 0.09281212586356483,
    "arm_link_5_ox": -0.03662557287269266,
    "arm_link_5_oy": 0.991201454180436,
    "arm_link_5_oz": -0.05366377994518284,
    "arm_link_5_ow": 0.11531887687768651,
    "gripper_palm_link_x": 0.44767465436436629,
    "gripper_palm_link_y": -0.08829102292988413,
    "gripper_palm_link_z": 0.09281212586356483,
    "gripper_palm_link_ox": -0.03662557287269266,
    "gripper_palm_link_oy": 0.991201454180436,
    "gripper_palm_link_oz": -0.05366377994518284,
    "gripper_palm_link_ow": 0.11531887687768651,
    "gripper_finger_link_l_x": 0.454003883236963,
    "gripper_finger_link_l_y": -0.0851563859308192,
    "gripper_finger_link_l_z": 0.04647770813329233,
    "gripper_finger_link_l_ox": 0.9912014541804399,
    "gripper_finger_link_l_oy": 0.03662557287259026,
    "gripper_finger_link_l_oz": 0.11531887687769221,
    "gripper_finger_link_l_ow": 0.05366377994517098,
    "gripper_finger_link_r_x": 0.45497328925251787,
    "gripper_finger_link_r_y": -0.10111563962505517,
    "gripper_finger_link_r_z": 0.048325920259665509,
    "gripper_finger_link_r_ox": -0.03662557287269266,
    "gripper_finger_link_r_oy": 0.991201454180436,
    "gripper_finger_link_r_oz": -0.05366377994518284,
    "gripper_finger_link_r_ow": 0.11531887687768651,
    "base_footprint_x": 0.0017535179038078134,
    "base_footprint_y": -0.00010746021495986206,
    "base_footprint_z": 0.0,
    "base_footprint_ox": 0.0,
    "base_footprint_oy": 0.0,
    "base_footprint_oz": -0.0004528480164756841,
    "base_footprint_ow": 0.9999998974643317,
    "base_link_x": 0.0017535179038078134,
    "base_link_y": -0.00010746021495986206,
    "base_link_z": 0.0,
    "base_link_ox": 0.0,
    "base_link_oy": 0.0,
    "base_link_oz": -0.0004528480164756841,
    "base_link_ow": 0.9999998974643317,
    "wheel_link_bl_x": -0.22610328862513405,
    "wheel_link_bl_y": 0.15809897365684057,
    "wheel_link_bl_z": -0.033999999999999998,
    "wheel_link_bl_ox": -0.00024231913575213147,
    "wheel_link_bl_oy": -0.5351003031693491,
    "wheel_link_bl_oz": -0.0003825607957884623,
    "wheel_link_bl_ow": 0.8447884116610175,
    "wheel_link_br_x": -0.22638948854220099,
    "wheel_link_br_y": -0.1579008967380814,
    "wheel_link_br_z": -0.033999999999999998,
    "wheel_link_br_ox": -0.00026662105294770116,
    "wheel_link_br_oy": -0.5887649187127436,
    "wheel_link_br_oz": -0.0003660389872008454,
    "wheel_link_br_ow": 0.8083041911445532,
    "wheel_link_fl_x": 0.2298965243498166,
    "wheel_link_fl_y": 0.15768597630816168,
    "wheel_link_fl_z": -0.033999999999999998,
    "wheel_link_fl_ox": 0.00014181941552752608,
    "wheel_link_fl_oy": 0.31317218101051927,
    "wheel_link_fl_oz": -0.00043006811019348116,
    "wheel_link_fl_ow": 0.9496962566893631,
    "wheel_link_fr_x": 0.22961032443274968,
    "wheel_link_fr_y": -0.15831389408676029,
    "wheel_link_fr_z": -0.033999999999999998,
    "wheel_link_fr_ox": 0.0004319816129859253,
    "wheel_link_fr_oy": 0.953921741899906,
    "wheel_link_fr_oz": 0.00013587940266294877,
    "wheel_link_fr_ow": -0.30005517035925785,
    "table_1_x": -0.5640734802739771,
    "table_1_y": 0.09975931060025134,
    "table_1_z": 0.0,
    "table_1_ox": 0.0,
    "table_1_oy": 0.0,
    "table_1_oz": -0.6366465996654082,
    "table_1_ow": 0.7711556957803486,
    "table_2_x": -2.2766663492208627,
    "table_2_y": -0.20222688980015952,
    "table_2_z": 0.0,
    "table_2_ox": 0.3694638080736431,
    "table_2_oy": -0.30554680334563535,
    "table_2_oz": -0.5672753401559189,
    "table_2_ow": 0.6695792215563238,
    "table_3_x": 0.02214033275792726,
    "table_3_y": -3.5699865069476885,
    "table_3_z": 0.0,
    "table_3_ox": 0.0,
    "table_3_oy": 0.0,
    "table_3_oz": 0.7712957250578337,
    "table_3_ow": 0.6364769473496353,
    "table_4_x": -0.7870186289993948,
    "table_4_y": -3.6971351389018416,
    "table_4_z": 0.0,
    "table_4_ox": 0.0,
    "table_4_oy": 0.0,
    "table_4_oz": 0.7712957250578337,
    "table_4_ow": 0.6364769473496353,
    "table_5_x": -1.6022994292353452,
    "table_5_y": -3.847661604238103,
    "table_5_z": 0.0,
    "table_5_ox": 0.30547280798732859,
    "table_5_oy": 0.3695258028220873,
    "table_5_oz": -0.5635682994358925,
    "table_5_ow": 0.6727018778775371,
    "table_6_x": -1.092842364469257,
    "table_6_y": -1.8208191093313274,
    "table_6_z": 0.0,
    "table_6_ox": 0.0,
    "table_6_oy": 0.0,
    "table_6_oz": 0.7774946040662822,
    "table_6_ow": 0.6288896092700331,
    "table_7_x": -1.0073782602737103,
    "table_7_y": -2.275916776754544,
    "table_7_z": 0.0,
    "table_7_ox": 0.0,
    "table_7_oy": 0.0,
    "table_7_oz": -0.6289051528127492,
    "table_7_ow": 0.7774820311528573,
    "object_1_x": 0.4712212327888038,
    "object_1_y": 0.01017149106773741,
    "object_1_z": 0.03581672920091322,
    "object_1_ox": -0.007010027793157083,
    "object_1_oy": 0.000021894428923296306,
    "object_1_oz": 0.7175405427669557,
    "object_1_ow": 0.6964814631536692,
    "object_2_x": 0.4743863969816939,
    "object_2_y": -0.08216615922967523,
    "object_2_z": 0.03674777107019184,
    "object_2_ox": 0.003791787718462802,
    "object_2_oy": 0.0019235459154979044,
    "object_2_oz": 0.7209493471757498,
    "object_2_ow": 0.6929747189644578,
    "object_3_x": 0.47743102013644869,
    "object_3_y": 0.05390029594696771,
    "object_3_z": 0.03277186824559397,
    "object_3_ox": 0.00046427089021829727,
    "object_3_oy": -0.00039302822717067465,
    "object_3_oz": 0.7283276249867461,
    "object_3_ow": 0.6852287943909823
}
