{
    "state": "final",
    "arm_joint_1": 1.9766457931269164,
    "arm_joint_2": 2.455265420059877,
    "arm_joint_3": -2.1479226052226099,
    "arm_joint_4": 3.058738678324344,
    "arm_joint_5": 3.088384693506107,
    "arm_link_0_x": 0.2231444863168511,
    "arm_link_0_y": 0.015614897867530949,
    "arm_link_0_z": 0.088,
    "arm_link_0_ox": 0.0,
    "arm_link_0_oy": 0.0,
    "arm_link_0_oz": -0.382972726075709,
    "arm_link_0_ow": 0.9237596500617138,
    "arm_link_1_x": 0.24010441708879383,
    "arm_link_1_y": -0.0013662902007671729,
    "arm_link_1_z": 0.184,
    "arm_link_1_ox": 0.0,
    "arm_link_1_oy": 0.0,
    "arm_link_1_oz": 0.10201694627375568,
    "arm_link_1_ow": 0.994782661023491,
    "arm_link_2_x": 0.2724175249052103,
    "arm_link_2_y": 0.005331699291956834,
    "arm_link_2_z": 0.203,
    "arm_link_2_ox": -0.06258059763005322,
    "arm_link_2_oy": 0.6102328653497429,
    "arm_link_2_oz": 0.08056752526475997,
    "arm_link_2_ow": 0.7856261150954824,
    "arm_link_3_x": 0.419473127447785,
    "arm_link_3_y": 0.03581396940575724,
    "arm_link_3_z": 0.2413468508426655,
    "arm_link_3_ox": -0.0773480334599381,
    "arm_link_3_oy": 0.7542323639421225,
    "arm_link_3_oz": 0.06651871200574056,
    "arm_link_3_ow": 0.6486340137976543,
    "arm_link_4_x": 0.5501735594272287,
    "arm_link_4_y": 0.06290607472309366,
    "arm_link_4_z": 0.22113757302624813,
    "arm_link_4_ox": -0.10172725769691649,
    "arm_link_4_oy": 0.9919578639298504,
    "arm_link_4_oz": 0.007682601674400084,
    "arm_link_4_ow": 0.07491421000521868,
    "arm_link_5_x": 0.5712275716629099,
    "arm_link_5_y": 0.06727023410805483,
    "arm_link_5_z": 0.09291244802477884,
    "arm_link_5_ox": -0.1831044974900611,
    "arm_link_5_oy": 0.9802048672444546,
    "arm_link_5_oz": 0.0014846315998905218,
    "arm_link_5_ow": 0.07529247703593048,
    "gripper_palm_link_x": 0.5712275716629099,
    "gripper_palm_link_y": 0.06727023410805483,
    "gripper_palm_link_z": 0.09291244802477884,
    "gripper_palm_link_ox": -0.1831044974900611,
    "gripper_palm_link_oy": 0.9802048672444546,
    "gripper_palm_link_oz": 0.0014846315998905218,
    "gripper_palm_link_ow": 0.07529247703593048,
    "gripper_finger_link_l_x": 0.5714153677499625,
    "gripper_finger_link_l_y": 0.07474542629117585,
    "gripper_finger_link_l_z": 0.046643132187000318,
    "gripper_finger_link_l_ox": 0.9802048672444734,
    "gripper_finger_link_l_oy": 0.1831044974899597,
    "gripper_finger_link_l_oz": 0.07529247703593026,
    "gripper_finger_link_l_ow": -0.0014846315998982908,
    "gripper_finger_link_r_x": 0.577196473592586,
    "gripper_finger_link_r_y": 0.05972961242577948,
    "gripper_finger_link_r_z": 0.047040075205839967,
    "gripper_finger_link_r_ox": -0.1831044974900611,
    "gripper_finger_link_r_oy": 0.9802048672444546,
    "gripper_finger_link_r_oz": 0.0014846315998905218,
    "gripper_finger_link_r_ow": 0.07529247703593048,
    "base_footprint_x": -0.0003088636015877935,
    "base_footprint_y": 0.0001984942899573429,
    "base_footprint_z": 0.0,
    "base_footprint_ox": 0.0,
    "base_footprint_oy": 0.0,
    "base_footprint_oz": -0.0003131495656323906,
    "base_footprint_ow": 0.9999999509686736,
    "base_link_x": -0.0003088636015877935,
    "base_link_y": 0.0001984942899573429,
    "base_link_z": 0.0,
    "base_link_ox": 0.0,
    "base_link_oy": 0.0,
    "base_link_oz": -0.0003131495656323906,
    "base_link_ow": 0.9999999509686736,
    "wheel_link_bl_x": -0.22820986362713129,
    "wheel_link_bl_y": 0.15834125949708667,
    "wheel_link_bl_z": -0.034,
    "wheel_link_bl_ox": -0.00016371321221775293,
    "wheel_link_bl_oy": -0.5227955653077977,
    "wheel_link_bl_oz": -0.0002669468759905235,
    "wheel_link_bl_ow": 0.852458033472528,
    "wheel_link_br_x": -0.22840777414290715,
    "wheel_link_br_y": -0.15765867852731825,
    "wheel_link_br_z": -0.034,
    "wheel_link_br_ox": -0.00018378625260259478,
    "wheel_link_br_oy": -0.586896051476755,
    "wheel_link_br_oz": -0.00025354538806700896,
    "wheel_link_br_ow": 0.8096622300060338,
    "wheel_link_fl_x": 0.22779004693973155,
    "wheel_link_fl_y": 0.1580556671072329,
    "wheel_link_fl_z": -0.034,
    "wheel_link_fl_ox": 0.00010340526309167708,
    "wheel_link_fl_oy": 0.330210446924165,
    "wheel_link_fl_oz": -0.0002955841707884507,
    "wheel_link_fl_ow": 0.9439072850018124,
    "wheel_link_fr_x": 0.22759213642395569,
    "wheel_link_fr_y": -0.157944270917172,
    "wheel_link_fr_z": -0.034,
    "wheel_link_fr_ox": 0.00029740702335467336,
    "wheel_link_fr_oy": 0.949728313279992,
    "wheel_link_fr_oz": 0.0000980393437098991,
    "wheel_link_fr_ow": -0.3130751233996261,
    "table_1_x": -0.5640734802739771,
    "table_1_y": 0.09975931060025134,
    "table_1_z": 0.0,
    "table_1_ox": 0.0,
    "table_1_oy": 0.0,
    "table_1_oz": -0.6366465996654082,
    "table_1_ow": 0.7711556957803486,
    "table_2_x": -2.2766663492208627,
    "table_2_y": -0.20222688980015952,
    "table_2_z": 0.0,
    "table_2_ox": 0.3694638080736431,
    "table_2_oy": -0.30554680334563535,
    "table_2_oz": -0.5672753401559189,
    "table_2_ow": 0.6695792215563238,
    "table_3_x": 0.02214033275792726,
    "table_3_y": -3.5699865069476885,
    "table_3_z": 0.0,
    "table_3_ox": 0.0,
    "table_3_oy": 0.0,
    "table_3_oz": 0.7712957250578337,
    "table_3_ow": 0.6364769473496353,
    "table_4_x": -0.7870186289993948,
    "table_4_y": -3.6971351389018416,
    "table_4_z": 0.0,
    "table_4_ox": 0.0,
    "table_4_oy": 0.0,
    "table_4_oz": 0.7712957250578337,
    "table_4_ow": 0.6364769473496353,
    "table_5_x": -1.6022994292353452,
    "table_5_y": -3.847661604238103,
    "table_5_z": 0.0,
    "table_5_ox": 0.30547280798732859,
    "table_5_oy": 0.3695258028220873,
    "table_5_oz": -0.5635682994358925,
    "table_5_ow": 0.6727018778775371,
    "table_6_x": -1.092842364469257,
    "table_6_y": -1.8208191093313274,
    "table_6_z": 0.0,
    "table_6_ox": 0.0,
    "table_6_oy": 0.0,
    "table_6_oz": 0.7774946040662822,
    "table_6_ow": 0.6288896092700331,
    "table_7_x": -1.0073782602737103,
    "table_7_y": -2.275916776754544,
    "table_7_z": 0.0,
    "table_7_ox": 0.0,
    "table_7_oy": 0.0,
    "table_7_oz": -0.6289051528127492,
    "table_7_ow": 0.7774820311528573,
    "object_1_x": 0.5591829663625065,
    "object_1_y": 0.17516501129038418,
    "object_1_z": 0.03511221948314758,
    "object_1_ox": 0.008424035113859665,
    "object_1_oy": 0.00497418076679243,
    "object_1_oz": 0.8221601205861066,
    "object_1_ow": 0.569172231645166,
    "object_2_x": 0.5913993707675659,
    "object_2_y": 0.08893937497969228,
    "object_2_z": 0.033377186178067567,
    "object_2_ox": -0.006112619519353875,
    "object_2_oy": -0.00327200775410071,
    "object_2_oz": 0.8222505843327642,
    "object_2_ow": 0.5690833914395119,
    "object_3_x": 0.6280772443899154,
    "object_3_y": -0.004246237608722822,
    "object_3_z": 0.018813434565499333,
    "object_3_ox": -0.3702422383330039,
    "object_3_oy": -0.013462233481360126,
    "object_3_oz": 0.7635109468503435,
    "object_3_ow": 0.5289522542380855
}
