{
    "state": "final",
    "arm_joint_1": 1.5056586252690237,
    "arm_joint_2": 2.1131741738641729,
    "arm_joint_3": -1.4399018688830779,
    "arm_joint_4": 2.7630971105080035,
    "arm_joint_5": 1.9613936387605853,
    "arm_link_0_x": 0.22427308192937246,
    "arm_link_0_y": 0.015477952923191615,
    "arm_link_0_z": 0.088,
    "arm_link_0_ox": 0.0,
    "arm_link_0_oy": 0.0,
    "arm_link_0_oz": -0.3827024887940684,
    "arm_link_0_ow": 0.9238716388496975,
    "arm_link_1_x": 0.24124294457277213,
    "arm_link_1_y": -0.0014933099014820173,
    "arm_link_1_z": 0.184,
    "arm_link_1_ox": 0.0,
    "arm_link_1_oy": 0.0,
    "arm_link_1_oz": 0.3315828441695099,
    "arm_link_1_ow": 0.9434261059841722,
    "arm_link_2_x": 0.26698643052463447,
    "arm_link_2_y": 0.0191530682565938,
    "arm_link_2_z": 0.203,
    "arm_link_2_ox": -0.15586275616177426,
    "arm_link_2_oy": 0.44346381514989288,
    "arm_link_2_oz": 0.292667018622182,
    "arm_link_2_ow": 0.832702024799484,
    "arm_link_3_x": 0.3673202024031947,
    "arm_link_3_y": 0.09962115249757113,
    "arm_link_3_z": 0.2895044602272507,
    "arm_link_3_ox": -0.28654326486778766,
    "arm_link_3_oy": 0.8152785987685498,
    "arm_link_3_oz": 0.16685364816644022,
    "arm_link_3_ow": 0.47473531977560798,
    "arm_link_4_x": 0.4589125068450034,
    "arm_link_4_y": 0.1730785450749113,
    "arm_link_4_z": 0.2228721764394534,
    "arm_link_4_ox": -0.3313144945518608,
    "arm_link_4_oy": 0.9426625923124832,
    "arm_link_4_oz": 0.013337475300312438,
    "arm_link_4_ow": 0.03794805011022005,
    "arm_link_5_x": 0.4686195296343938,
    "arm_link_5_y": 0.18086361597298515,
    "arm_link_5_z": 0.09345360598034874,
    "arm_link_5_ox": 0.14243298861623414,
    "arm_link_5_oy": 0.9889868052705727,
    "arm_link_5_oz": 0.029381829573331555,
    "arm_link_5_ow": 0.027470909076292257,
    "gripper_palm_link_x": 0.4686195296343938,
    "gripper_palm_link_y": 0.18086361597298515,
    "gripper_palm_link_z": 0.09345360598034874,
    "gripper_palm_link_ox": 0.14243298861623414,
    "gripper_palm_link_oy": 0.9889868052705727,
    "gripper_palm_link_oz": 0.029381829573331555,
    "gripper_palm_link_ow": 0.027470909076292257,
    "gripper_finger_link_l_x": 0.46992660820986006,
    "gripper_finger_link_l_y": 0.1920175207267914,
    "gripper_finger_link_l_z": 0.04794926214394573,
    "gripper_finger_link_l_ox": 0.9889868052705579,
    "gripper_finger_link_l_oy": -0.1424329886163364,
    "gripper_finger_link_l_oz": 0.02747090907628914,
    "gripper_finger_link_l_ow": -0.02938182957333436,
    "gripper_finger_link_r_x": 0.465418128718432,
    "gripper_finger_link_r_y": 0.17660322305757593,
    "gripper_finger_link_r_z": 0.04688791648666008,
    "gripper_finger_link_r_ox": 0.14243298861623414,
    "gripper_finger_link_r_oy": 0.9889868052705727,
    "gripper_finger_link_r_oz": 0.029381829573331555,
    "gripper_finger_link_r_ow": 0.027470909076292257,
    "base_footprint_x": 0.0008287895558574778,
    "base_footprint_y": -0.00006917847581788559,
    "base_footprint_z": 0.0,
    "base_footprint_ox": 0.0,
    "base_footprint_oy": 0.0,
    "base_footprint_oz": -0.000020626618431154775,
    "base_footprint_ow": 0.9999999997872713,
    "base_link_x": 0.0008287895558574778,
    "base_link_y": -0.00006917847581788559,
    "base_link_z": 0.0,
    "base_link_ox": 0.0,
    "base_link_oy": 0.0,
    "base_link_oz": -0.000020626618431154775,
    "base_link_ow": 0.9999999997872713,
    "wheel_link_bl_x": -0.2271646922387111,
    "wheel_link_bl_y": 0.15794022712774018,
    "wheel_link_bl_z": -0.034,
    "wheel_link_bl_ox": -0.000010766931427698426,
    "wheel_link_bl_oy": -0.5219920784080363,
    "wheel_link_bl_oz": -0.00001759348105224472,
    "wheel_link_bl_ow": 0.8529503324659655,
    "wheel_link_br_x": -0.22717772826155684,
    "wheel_link_br_y": -0.15805977260337074,
    "wheel_link_br_z": -0.034,
    "wheel_link_br_ox": -0.000011923741227147346,
    "wheel_link_br_oy": -0.5780754254221824,
    "wheel_link_br_oz": -0.000016830976889428623,
    "wheel_link_br_ow": 0.8159833344483853,
    "wheel_link_fl_x": 0.22883530737327177,
    "wheel_link_fl_y": 0.15792141565173496,
    "wheel_link_fl_z": -0.034,
    "wheel_link_fl_ox": 0.000006855494008709871,
    "wheel_link_fl_oy": 0.3323615080258073,
    "wheel_link_fl_oz": -0.000019454037879088155,
    "wheel_link_fl_ow": 0.943152070218453,
    "wheel_link_fr_x": 0.22882227135042605,
    "wheel_link_fr_y": -0.15807858407937595,
    "wheel_link_fr_z": -0.034,
    "wheel_link_fr_ox": 0.000019594977856642216,
    "wheel_link_fr_oy": 0.9499849874993197,
    "wheel_link_fr_oz": 0.000006441601563443281,
    "wheel_link_fr_ow": -0.3122955700941978,
    "table_1_x": -0.5640734802739771,
    "table_1_y": 0.09975931060025134,
    "table_1_z": 0.0,
    "table_1_ox": 0.0,
    "table_1_oy": 0.0,
    "table_1_oz": -0.6366465996654082,
    "table_1_ow": 0.7711556957803486,
    "table_2_x": -2.2766663492208627,
    "table_2_y": -0.20222688980015963,
    "table_2_z": 0.0,
    "table_2_ox": 0.3694638080736431,
    "table_2_oy": -0.30554680334563535,
    "table_2_oz": -0.5672753401559189,
    "table_2_ow": 0.6695792215563238,
    "table_3_x": 0.02214033275792726,
    "table_3_y": -3.5699865069476885,
    "table_3_z": 0.0,
    "table_3_ox": 0.0,
    "table_3_oy": 0.0,
    "table_3_oz": 0.7712957250578337,
    "table_3_ow": 0.6364769473496353,
    "table_4_x": -0.7870186289993948,
    "table_4_y": -3.6971351389018416,
    "table_4_z": 0.0,
    "table_4_ox": 0.0,
    "table_4_oy": 0.0,
    "table_4_oz": 0.7712957250578337,
    "table_4_ow": 0.6364769473496353,
    "table_5_x": -1.6022994292353452,
    "table_5_y": -3.847661604238103,
    "table_5_z": 0.0,
    "table_5_ox": 0.30547280798732859,
    "table_5_oy": 0.3695258028220873,
    "table_5_oz": -0.5635682994358925,
    "table_5_ow": 0.6727018778775371,
    "table_6_x": -1.092842364469257,
    "table_6_y": -1.8208191093313274,
    "table_6_z": 0.0,
    "table_6_ox": 0.0,
    "table_6_oy": 0.0,
    "table_6_oz": 0.7774946040662822,
    "table_6_ow": 0.6288896092700331,
    "table_7_x": -1.0073782602737103,
    "table_7_y": -2.275916776754544,
    "table_7_z": 0.0,
    "table_7_ox": 0.0,
    "table_7_oy": 0.0,
    "table_7_oz": -0.6289051528127492,
    "table_7_ow": 0.7774820311528573,
    "object_1_x": 0.5031432700695272,
    "object_1_y": 0.2817922041214531,
    "object_1_z": 0.02157514279030842,
    "object_1_ox": 0.1610590291534574,
    "object_1_oy": -0.3683632014748761,
    "object_1_oz": 0.5425811924254757,
    "object_1_ow": 0.7375460599538679,
    "object_2_x": 0.4754472338198874,
    "object_2_y": 0.19218044778352018,
    "object_2_z": 0.03240345399619715,
    "object_2_ox": 0.014040944224534374,
    "object_2_oy": -0.0023109950984924094,
    "object_2_oz": 0.5957570147959688,
    "object_2_ow": 0.8030386606560945,
    "object_3_x": 0.6028196397702133,
    "object_3_y": 0.047269372127088708,
    "object_3_z": 0.03512441656414045,
    "object_3_ox": 0.006078538134546637,
    "object_3_oy": -0.013029663223946452,
    "object_3_oz": 0.8997886204141705,
    "object_3_ow": 0.4360891168368928
}
