{
    "state": "initial",
    "arm_joint_1": 2.18732381585467,
    "arm_joint_2": 0.910155640890966,
    "arm_joint_3": -0.9330058942263647,
    "arm_joint_4": 3.2820793673242667,
    "arm_joint_5": 1.961548506004072,
    "arm_link_0_x": 0.22426766403039628,
    "arm_link_0_y": 0.015445851806938131,
    "arm_link_0_z": 0.088,
    "arm_link_0_ox": 0.0,
    "arm_link_0_oy": 0.0,
    "arm_link_0_oz": -0.38273453787595526,
    "arm_link_0_ow": 0.9238583622595398,
    "arm_link_1_x": 0.24123634915920648,
    "arm_link_1_y": -0.0015265883534894807,
    "arm_link_1_z": 0.18400000000000003,
    "arm_link_1_ox": 0.0,
    "arm_link_1_oy": 0.0,
    "arm_link_1_oz": -0.0028864382630895779,
    "arm_link_1_ow": 0.9999958342283999,
    "arm_link_2_x": 0.2742357992785006,
    "arm_link_2_y": -0.0017170924852533895,
    "arm_link_2_z": 0.20300000000000005,
    "arm_link_2_ox": -0.0003230478936682104,
    "arm_link_2_oy": -0.11191874499982312,
    "arm_link_2_oz": -0.0028683036633216326,
    "arm_link_2_ow": 0.9937131693762632,
    "arm_link_3_x": 0.23975939597435193,
    "arm_link_3_y": -0.0015180619785614288,
    "arm_link_3_z": 0.3541169679488941,
    "arm_link_3_ox": 0.0018493932857303296,
    "arm_link_3_oy": 0.640715446863828,
    "arm_link_3_oz": -0.0022161386060721274,
    "arm_link_3_ow": 0.7677730033181934,
    "arm_link_4_x": 0.3725777755621201,
    "arm_link_4_y": -0.0022848156667043437,
    "arm_link_4_z": 0.37827664784042538,
    "arm_link_4_ox": 0.0028625274172365139,
    "arm_link_4_oy": 0.9917120103366067,
    "arm_link_4_oz": -0.0003707595341956646,
    "arm_link_4_ow": 0.12844826596057783,
    "arm_link_5_x": 0.40763122991293196,
    "arm_link_5_y": -0.002487177459470175,
    "arm_link_5_z": 0.25307595140553976,
    "arm_link_5_ox": 0.4613155387880363,
    "arm_link_5_oy": 0.877888876328771,
    "arm_link_5_oz": 0.05909298981648468,
    "arm_link_5_ow": 0.11404873101205612,
    "gripper_palm_link_x": 0.40763122991293196,
    "gripper_palm_link_y": -0.002487177459470175,
    "gripper_palm_link_z": 0.25307595140553976,
    "gripper_palm_link_ox": 0.4613155387880363,
    "gripper_palm_link_oy": 0.877888876328771,
    "gripper_palm_link_oz": 0.05909298981648468,
    "gripper_palm_link_ow": 0.11404873101205612,
    "gripper_finger_link_l_x": 0.4235667809951379,
    "gripper_finger_link_l_y": 0.00530507995541025,
    "gripper_finger_link_l_z": 0.20969274855319534,
    "gripper_finger_link_l_ox": 0.8778888763287235,
    "gripper_finger_link_l_oy": -0.4613155387881269,
    "gripper_finger_link_l_oz": 0.11404873101205013,
    "gripper_finger_link_l_ow": -0.05909298981649651,
    "gripper_finger_link_r_x": 0.4107471883828158,
    "gripper_finger_link_r_y": -0.003827171406019236,
    "gripper_finger_link_r_z": 0.20632920207814596,
    "gripper_finger_link_r_ox": 0.4613155387880363,
    "gripper_finger_link_r_oy": 0.877888876328771,
    "gripper_finger_link_r_oz": 0.05909298981648468,
    "gripper_finger_link_r_ow": 0.11404873101205612,
    "base_footprint_x": 0.0008222935277963866,
    "base_footprint_y": -0.0000857768904908808,
    "base_footprint_z": 0.0,
    "base_footprint_ox": 0.0,
    "base_footprint_oy": 0.0,
    "base_footprint_oz": -0.000055316840313987214,
    "base_footprint_ow": 0.9999999984700235,
    "base_link_x": 0.0008222935277963866,
    "base_link_y": -0.0000857768904908808,
    "base_link_z": 0.0,
    "base_link_ox": 0.0,
    "base_link_oy": 0.0,
    "base_link_oz": -0.000055316840313987214,
    "base_link_ow": 0.9999999984700235,
    "wheel_link_bl_x": -0.22716022495535269,
    "wheel_link_bl_y": 0.1579394466217086,
    "wheel_link_bl_z": -0.03400000000000001,
    "wheel_link_bl_ox": -0.000028873518226534977,
    "wheel_link_bl_oy": -0.5219661502440937,
    "wheel_link_bl_oz": -0.00004718339504047065,
    "wheel_link_bl_ow": 0.8529661980051774,
    "wheel_link_br_x": -0.22719518519837765,
    "wheel_link_br_y": -0.1580605514444012,
    "wheel_link_br_z": -0.03400000000000001,
    "wheel_link_br_ox": -0.00003198553779482999,
    "wheel_link_br_oy": -0.5782242363146171,
    "wheel_link_br_oz": -0.00004513178696106174,
    "wheel_link_br_ow": 0.8158778888279944,
    "wheel_link_fl_x": 0.22883977225397043,
    "wheel_link_fl_y": 0.15788899766341944,
    "wheel_link_fl_z": -0.03400000000000001,
    "wheel_link_fl_ox": 0.00001840580353232549,
    "wheel_link_fl_oy": 0.3327341800379554,
    "wheel_link_fl_oz": -0.00005216492325933771,
    "wheel_link_fl_ow": 0.9430206585088774,
    "wheel_link_fr_x": 0.22880481201094547,
    "wheel_link_fr_y": -0.15811100040269039,
    "wheel_link_fr_z": -0.03400000000000001,
    "wheel_link_fr_ox": 0.00005255908782897444,
    "wheel_link_fr_oy": 0.9501462384732484,
    "wheel_link_fr_oz": 0.00001724804652444181,
    "wheel_link_fr_ow": -0.31180462224794555,
    "table_1_x": -0.5640734802739771,
    "table_1_y": 0.09975931060025134,
    "table_1_z": 0.0,
    "table_1_ox": 0.0,
    "table_1_oy": 0.0,
    "table_1_oz": -0.6366465996654082,
    "table_1_ow": 0.7711556957803486,
    "table_2_x": 0.4458539148581629,
    "table_2_y": -0.12050263428457225,
    "table_2_z": 0.034541380152470827,
    "table_2_ox": 0.00022861925190361095,
    "table_2_oy": 0.0001873067463608279,
    "table_2_oz": 0.8819131070638308,
    "table_2_ow": 0.47141190506651489,
    "table_3_x": 0.02214033275792726,
    "table_3_y": -3.5699865069476885,
    "table_3_z": 0.0,
    "table_3_ox": 0.0,
    "table_3_oy": 0.0,
    "table_3_oz": 0.7712957250578337,
    "table_3_ow": 0.6364769473496353,
    "table_4_x": -0.7870186289993948,
    "table_4_y": -3.697135138901842,
    "table_4_z": 0.0,
    "table_4_ox": 0.0,
    "table_4_oy": 0.0,
    "table_4_oz": 0.7712957250578337,
    "table_4_ow": 0.6364769473496353,
    "table_5_x": -1.6022994292353452,
    "table_5_y": -3.847661604238103,
    "table_5_z": 0.0,
    "table_5_ox": 0.30547280798732859,
    "table_5_oy": 0.3695258028220873,
    "table_5_oz": -0.5635682994358925,
    "table_5_ow": 0.6727018778775371,
    "table_6_x": -1.092842364469257,
    "table_6_y": -1.8208191093313274,
    "table_6_z": 0.0,
    "table_6_ox": 0.0,
    "table_6_oy": 0.0,
    "table_6_oz": 0.7774946040662822,
    "table_6_ow": 0.6288896092700331,
    "table_7_x": -1.0073782602737103,
    "table_7_y": -2.2759167767545449,
    "table_7_z": 0.0,
    "table_7_ox": 0.0,
    "table_7_oy": 0.0,
    "table_7_oz": -0.6289051528127492,
    "table_7_ow": 0.7774820311528573,
    "object_1_x": 0.4739578685496777,
    "object_1_y": 0.010350411121479907,
    "object_1_z": 0.036459839648808948,
    "object_1_ox": 0.003217595840928888,
    "object_1_oy": 0.011636750045641263,
    "object_1_oz": 0.8835311668565736,
    "object_1_ow": 0.46821673434259189,
    "object_2_x": 0.5262882878218801,
    "object_2_y": -0.06622081003195617,
    "object_2_z": 0.03439935728436927,
    "object_2_ox": -0.0013428103747894207,
    "object_2_oy": 0.005636294878838414,
    "object_2_oz": 0.8827036568448612,
    "object_2_ow": 0.469894331986507,
    "object_3_x": 0.6028196397702133,
    "object_3_y": 0.047269372127088708,
    "object_3_z": 0.03512441656414045,
    "object_3_ox": 0.006078538134546637,
    "object_3_oy": -0.013029663223946452,
    "object_3_oz": 0.8997886204141705,
    "object_3_ow": 0.4360891168368928
}
