{
    "state": "initial",
    "arm_joint_1": 1.6216055464423776,
    "arm_joint_2": 1.096425905310061,
    "arm_joint_3": -1.1057620742472674,
    "arm_joint_4": 3.3167253820814608,
    "arm_joint_5": 3.26568556340659,
    "arm_link_0_x": 0.2242887890876544,
    "arm_link_0_y": 0.015476133939053992,
    "arm_link_0_z": 0.088,
    "arm_link_0_ox": 0.0,
    "arm_link_0_oy": 0.0,
    "arm_link_0_oz": -0.382697291602256,
    "arm_link_0_ow": 0.9238737917055001,
    "arm_link_1_x": 0.24125884267166873,
    "arm_link_1_y": -0.0014949379586100974,
    "arm_link_1_z": 0.184,
    "arm_link_1_ox": 0.0,
    "arm_link_1_oy": 0.0,
    "arm_link_1_oz": 0.2763681500443163,
    "arm_link_1_ow": 0.9610518433680267,
    "arm_link_2_x": 0.26921780528398017,
    "arm_link_2_y": 0.0160349339645778,
    "arm_link_2_z": 0.203,
    "arm_link_2_ox": 0.005255943956684998,
    "arm_link_2_oy": -0.018277195210089086,
    "arm_link_2_oz": 0.2763181669960227,
    "arm_link_2_ow": 0.9608780306450629,
    "arm_link_3_x": 0.2642237540968155,
    "arm_link_3_y": 0.012903734896044022,
    "arm_link_3_z": 0.35788787894839665,
    "arm_link_3_ox": -0.17850379639311643,
    "arm_link_3_oy": 0.6207350685825657,
    "arm_link_3_oz": 0.21098755658133626,
    "arm_link_3_ow": 0.7336951821246204,
    "arm_link_4_x": 0.3770211814222196,
    "arm_link_4_y": 0.08362611761451923,
    "arm_link_4_z": 0.38025045866075815,
    "arm_link_4_ox": -0.274854036009794,
    "arm_link_4_oy": 0.9557866126107426,
    "arm_link_4_oz": 0.028889673726862749,
    "arm_link_4_ow": 0.10046191713860732,
    "arm_link_5_x": 0.40157935720501417,
    "arm_link_5_y": 0.099023744561878,
    "arm_link_5_z": 0.25350737566759687,
    "arm_link_5_ox": -0.4336153060819848,
    "arm_link_5_oy": 0.8950142771421122,
    "arm_link_5_oz": 0.011358322392839229,
    "arm_link_5_ow": 0.1039143808894097,
    "gripper_palm_link_x": 0.40157935720501417,
    "gripper_palm_link_y": 0.099023744561878,
    "gripper_palm_link_z": 0.25350737566759687,
    "gripper_palm_link_ox": -0.4336153060819848,
    "gripper_palm_link_oy": 0.8950142771421122,
    "gripper_palm_link_oz": 0.011358322392839229,
    "gripper_palm_link_ow": 0.1039143808894097,
    "gripper_finger_link_l_x": 0.4010078653076542,
    "gripper_finger_link_l_y": 0.10602837488630158,
    "gripper_finger_link_l_z": 0.20716763133651079,
    "gripper_finger_link_l_ox": 0.8950142771421571,
    "gripper_finger_link_l_oy": 0.4336153060818924,
    "gripper_finger_link_l_oz": 0.10391438088940855,
    "gripper_finger_link_l_ow": -0.011358322392849997,
    "gripper_finger_link_r_x": 0.4135386430361651,
    "gripper_finger_link_r_y": 0.09598987841821773,
    "gripper_finger_link_r_z": 0.20829084669563589,
    "gripper_finger_link_r_ox": -0.4336153060819848,
    "gripper_finger_link_r_oy": 0.8950142771421122,
    "gripper_finger_link_r_oz": 0.011358322392839229,
    "gripper_finger_link_r_ow": 0.1039143808894097,
    "base_footprint_x": 0.0008446716472343925,
    "base_footprint_y": -0.00007351140451312812,
    "base_footprint_z": 0.0,
    "base_footprint_ox": 0.0,
    "base_footprint_oy": 0.0,
    "base_footprint_oz": -0.000015001177041354629,
    "base_footprint_ow": 0.9999999998874823,
    "base_link_x": 0.0008446716472343925,
    "base_link_y": -0.00007351140451312812,
    "base_link_z": 0.0,
    "base_link_ox": 0.0,
    "base_link_oy": 0.0,
    "base_link_oz": -0.000015001177041354629,
    "base_link_ow": 0.9999999998874823,
    "wheel_link_bl_x": -0.22715058787820498,
    "wheel_link_bl_y": 0.15793332906110583,
    "wheel_link_bl_z": -0.034,
    "wheel_link_bl_ox": -0.000007830495584049389,
    "wheel_link_bl_oy": -0.5219920784603456,
    "wheel_link_bl_oz": -0.000012795258947526159,
    "wheel_link_bl_ow": 0.8529503325514406,
    "wheel_link_br_x": -0.22716006862209407,
    "wheel_link_br_y": -0.1580666707966719,
    "wheel_link_br_z": -0.034,
    "wheel_link_br_ox": -0.00000866957916343544,
    "wheel_link_br_oy": -0.5779265945972119,
    "wheel_link_br_oz": -0.000012242291850588734,
    "wheel_link_br_ow": 0.8160887519334124,
    "wheel_link_fl_x": 0.22884941191656286,
    "wheel_link_fl_y": 0.15791964798764566,
    "wheel_link_fl_z": -0.034,
    "wheel_link_fl_ox": 0.000004989254240207774,
    "wheel_link_fl_oy": 0.33259085109736549,
    "wheel_link_fl_oz": -0.000014147178331831188,
    "wheel_link_fl_ow": 0.943071219760891,
    "wheel_link_fr_x": 0.22883993117267377,
    "wheel_link_fr_y": -0.15808035187013207,
    "wheel_link_fr_z": -0.034,
    "wheel_link_fr_ox": 0.000014249753330015595,
    "wheel_link_fr_oy": 0.9499090164144529,
    "wheel_link_fr_oz": 0.000004688266487708931,
    "wheel_link_fr_ow": -0.3125265753651862,
    "table_1_x": -0.5640734802739771,
    "table_1_y": 0.09975931060025134,
    "table_1_z": 0.0,
    "table_1_ox": 0.0,
    "table_1_oy": 0.0,
    "table_1_oz": -0.6366465996654082,
    "table_1_ow": 0.7711556957803486,
    "table_2_x": -2.2766663492208627,
    "table_2_y": -0.20222688980015952,
    "table_2_z": 0.0,
    "table_2_ox": 0.3694638080736431,
    "table_2_oy": -0.30554680334563535,
    "table_2_oz": -0.5672753401559189,
    "table_2_ow": 0.6695792215563238,
    "table_3_x": 0.02214033275792726,
    "table_3_y": -3.5699865069476885,
    "table_3_z": 0.0,
    "table_3_ox": 0.0,
    "table_3_oy": 0.0,
    "table_3_oz": 0.7712957250578337,
    "table_3_ow": 0.6364769473496353,
    "table_4_x": -0.7870186289993948,
    "table_4_y": -3.6971351389018416,
    "table_4_z": 0.0,
    "table_4_ox": 0.0,
    "table_4_oy": 0.0,
    "table_4_oz": 0.7712957250578337,
    "table_4_ow": 0.6364769473496353,
    "table_5_x": -1.6022994292353452,
    "table_5_y": -3.847661604238103,
    "table_5_z": 0.0,
    "table_5_ox": 0.30547280798732859,
    "table_5_oy": 0.3695258028220873,
    "table_5_oz": -0.5635682994358925,
    "table_5_ow": 0.6727018778775371,
    "table_6_x": -1.092842364469257,
    "table_6_y": -1.8208191093313274,
    "table_6_z": 0.0,
    "table_6_ox": 0.0,
    "table_6_oy": 0.0,
    "table_6_oz": 0.7774946040662822,
    "table_6_ow": 0.6288896092700331,
    "table_7_x": -1.0073782602737103,
    "table_7_y": -2.275916776754544,
    "table_7_z": 0.0,
    "table_7_ox": 0.0,
    "table_7_oy": 0.0,
    "table_7_oz": -0.6289051528127492,
    "table_7_ow": 0.7774820311528573,
    "object_1_x": 0.5031432700695272,
    "object_1_y": 0.2817922041214531,
    "object_1_z": 0.02157514279030842,
    "object_1_ox": 0.1610590291534574,
    "object_1_oy": -0.3683632014748761,
    "object_1_oz": 0.5425811924254757,
    "object_1_ow": 0.7375460599538679,
    "object_2_x": 0.4754472338198874,
    "object_2_y": 0.19218044778352018,
    "object_2_z": 0.03240345399619715,
    "object_2_ox": 0.014040944224534374,
    "object_2_oy": -0.0023109950984924094,
    "object_2_oz": 0.5957570147959688,
    "object_2_ow": 0.8030386606560945,
    "object_3_x": 0.6028196397702133,
    "object_3_y": 0.047269372127088708,
    "object_3_z": 0.03512441656414045,
    "object_3_ox": 0.006078538134546637,
    "object_3_oy": -0.013029663223946452,
    "object_3_oz": 0.8997886204141705,
    "object_3_ow": 0.4360891168368928
}
