{
    "state": "initial",
    "arm_joint_1": 2.1461206198979738,
    "arm_joint_2": 0.6735494095638732,
    "arm_joint_3": -0.780889977939547,
    "arm_joint_4": 3.360928918150985,
    "arm_joint_5": 2.3647564363679738,
    "arm_link_0_x": 0.22494491975285722,
    "arm_link_0_y": 0.01541540866411448,
    "arm_link_0_z": 0.088,
    "arm_link_0_ox": 0.0,
    "arm_link_0_oy": 0.0,
    "arm_link_0_oz": -0.38295280585621285,
    "arm_link_0_ow": 0.9237679083443274,
    "arm_link_1_x": 0.2419055828802262,
    "arm_link_1_y": -0.0015650479339839995,
    "arm_link_1_z": 0.18399999999999998,
    "arm_link_1_ox": 0.0,
    "arm_link_1_oy": 0.0,
    "arm_link_1_oz": 0.017477997182192799,
    "arm_link_1_ow": 0.9998472481406844,
    "arm_link_2_x": 0.2748854211747831,
    "arm_link_2_y": -0.00041167632653267366,
    "arm_link_2_z": 0.203,
    "arm_link_2_ox": 0.003992372344905371,
    "arm_link_2_oy": -0.22838786738526069,
    "arm_link_2_oz": 0.01701591456726249,
    "arm_link_2_ow": 0.9734133251839693,
    "arm_link_3_x": 0.20598858471229285,
    "arm_link_3_y": -0.002821137959101332,
    "arm_link_3_z": 0.3418251433282243,
    "arm_link_3_ox": -0.01062175101439433,
    "arm_link_3_oy": 0.6076284605994703,
    "arm_link_3_oz": 0.0138801581723319,
    "arm_link_3_ow": 0.794029075968895,
    "arm_link_4_x": 0.3362169377621671,
    "arm_link_4_y": 0.0017332107781895229,
    "arm_link_4_z": 0.37710734804244908,
    "arm_link_4_ox": -0.017326811161668573,
    "arm_link_4_oy": 0.9911984925079447,
    "arm_link_4_oz": 0.002293905069661166,
    "arm_link_4_ow": 0.13122525696098817,
    "arm_link_5_x": 0.37195479462924,
    "arm_link_5_y": 0.0029830358699166595,
    "arm_link_5_z": 0.2521063739510897,
    "arm_link_5_ox": 0.25662399487561546,
    "arm_link_5_oy": 0.9575587685302318,
    "arm_link_5_oz": 0.03838457316041063,
    "arm_link_5_ow": 0.12550679108414446,
    "gripper_palm_link_x": 0.37195479462924,
    "gripper_palm_link_y": 0.0029830358699166595,
    "gripper_palm_link_z": 0.2521063739510897,
    "gripper_palm_link_ox": 0.25662399487561546,
    "gripper_palm_link_oy": 0.9575587685302318,
    "gripper_palm_link_oz": 0.03838457316041063,
    "gripper_palm_link_ow": 0.12550679108414446,
    "gripper_finger_link_l_x": 0.38444802638994,
    "gripper_finger_link_l_y": 0.01236969484281419,
    "gripper_finger_link_l_z": 0.20791844407039745,
    "gripper_finger_link_l_ox": 0.9575587685302053,
    "gripper_finger_link_l_oy": -0.2566239948757144,
    "gripper_finger_link_l_oz": 0.12550679108414046,
    "gripper_finger_link_l_ow": -0.038384573160423599,
    "gripper_finger_link_r_x": 0.3766929058088537,
    "gripper_finger_link_r_y": -0.00155809459427681,
    "gripper_finger_link_r_z": 0.20569848895082483,
    "gripper_finger_link_r_ox": 0.25662399487561546,
    "gripper_finger_link_r_oy": 0.9575587685302318,
    "gripper_finger_link_r_oz": 0.03838457316041063,
    "gripper_finger_link_r_ow": 0.12550679108414446,
    "base_footprint_x": 0.001492234926809479,
    "base_footprint_y": -0.000010632080998870382,
    "base_footprint_z": 0.0,
    "base_footprint_ox": 0.0,
    "base_footprint_oy": 0.0,
    "base_footprint_oz": -0.0002915853746206705,
    "base_footprint_ow": 0.9999999574889837,
    "base_link_x": 0.001492234926809479,
    "base_link_y": -0.000010632080998870382,
    "base_link_z": 0.0,
    "base_link_ox": 0.0,
    "base_link_oy": 0.0,
    "base_link_oz": -0.0002915853746206705,
    "base_link_ow": 0.9999999574889837,
    "wheel_link_bl_x": -0.2264155853286814,
    "wheel_link_bl_y": 0.15812230397721409,
    "wheel_link_bl_z": -0.033999999999999998,
    "wheel_link_bl_ox": -0.00015666336806157674,
    "wheel_link_bl_oy": -0.5372812734708126,
    "wheel_link_bl_oz": -0.0002459240122482546,
    "wheel_link_bl_ow": 0.8434030757328025,
    "wheel_link_br_x": -0.22659986727760765,
    "wheel_link_br_y": -0.1578776422888625,
    "wheel_link_br_z": -0.033999999999999998,
    "wheel_link_br_ox": -0.00017214775423895576,
    "wheel_link_br_oy": -0.5903853961973588,
    "wheel_link_br_oz": -0.00023534481384377437,
    "wheel_link_br_ow": 0.8071214276271304,
    "wheel_link_fl_x": 0.22958433713122659,
    "wheel_link_fl_y": 0.1578563781268648,
    "wheel_link_fl_z": -0.033999999999999998,
    "wheel_link_fl_ox": 0.00008978306302070286,
    "wheel_link_fl_oy": 0.3079134518345931,
    "wheel_link_fl_oz": -0.0002774185146800718,
    "wheel_link_fl_ow": 0.951414326756369,
    "wheel_link_fr_x": 0.22940005518230034,
    "wheel_link_fr_y": -0.1581435681392118,
    "wheel_link_fr_z": -0.033999999999999998,
    "wheel_link_fr_ox": 0.0002782266742973824,
    "wheel_link_fr_oy": 0.954185932101823,
    "wheel_link_fr_oz": 0.00008724648074332308,
    "wheel_link_fr_ow": -0.29921417405755448,
    "table_1_x": -0.5640734802739771,
    "table_1_y": 0.09975931060025134,
    "table_1_z": 0.0,
    "table_1_ox": 0.0,
    "table_1_oy": 0.0,
    "table_1_oz": -0.6366465996654082,
    "table_1_ow": 0.7711556957803486,
    "table_2_x": -2.2766663492208627,
    "table_2_y": -0.20222688980015952,
    "table_2_z": 0.0,
    "table_2_ox": 0.3694638080736431,
    "table_2_oy": -0.30554680334563535,
    "table_2_oz": -0.5672753401559189,
    "table_2_ow": 0.6695792215563238,
    "table_3_x": 0.02214033275792726,
    "table_3_y": -3.5699865069476885,
    "table_3_z": 0.0,
    "table_3_ox": 0.0,
    "table_3_oy": 0.0,
    "table_3_oz": 0.7712957250578337,
    "table_3_ow": 0.6364769473496353,
    "table_4_x": -0.7870186289993948,
    "table_4_y": -3.6971351389018416,
    "table_4_z": 0.0,
    "table_4_ox": 0.0,
    "table_4_oy": 0.0,
    "table_4_oz": 0.7712957250578337,
    "table_4_ow": 0.6364769473496353,
    "table_5_x": -1.6022994292353452,
    "table_5_y": -3.847661604238103,
    "table_5_z": 0.0,
    "table_5_ox": 0.30547280798732859,
    "table_5_oy": 0.3695258028220873,
    "table_5_oz": -0.5635682994358925,
    "table_5_ow": 0.6727018778775371,
    "table_6_x": -1.092842364469257,
    "table_6_y": -1.8208191093313274,
    "table_6_z": 0.0,
    "table_6_ox": 0.0,
    "table_6_oy": 0.0,
    "table_6_oz": 0.7774946040662822,
    "table_6_ow": 0.6288896092700331,
    "table_7_x": -1.0073782602737103,
    "table_7_y": -2.275916776754544,
    "table_7_z": 0.0,
    "table_7_ox": 0.0,
    "table_7_oy": 0.0,
    "table_7_oz": -0.6289051528127492,
    "table_7_ow": 0.7774820311528573,
    "object_1_x": 0.4712212327888038,
    "object_1_y": 0.01017149106773741,
    "object_1_z": 0.03581672920091322,
    "object_1_ox": -0.007010027793157083,
    "object_1_oy": 0.000021894428923296306,
    "object_1_oz": 0.7175405427669557,
    "object_1_ow": 0.6964814631536692,
    "object_2_x": 0.4743863969816939,
    "object_2_y": -0.08216615922967523,
    "object_2_z": 0.03674777107019184,
    "object_2_ox": 0.003791787718462802,
    "object_2_oy": 0.0019235459154979044,
    "object_2_oz": 0.7209493471757498,
    "object_2_ow": 0.6929747189644578,
    "object_3_x": 0.47743102013644869,
    "object_3_y": 0.05390029594696771,
    "object_3_z": 0.03277186824559397,
    "object_3_ox": 0.00046427089021829727,
    "object_3_oy": -0.00039302822717067465,
    "object_3_oz": 0.7283276249867461,
    "object_3_ow": 0.6852287943909823
}
