{
    "state": "initial",
    "arm_joint_1": 2.763030738832223,
    "arm_joint_2": 1.1538304556886359,
    "arm_joint_3": -0.8438946186072902,
    "arm_joint_4": 3.170951058176509,
    "arm_joint_5": 3.820066047305555,
    "arm_link_0_x": 0.2234920499361462,
    "arm_link_0_y": 0.01553066817024989,
    "arm_link_0_z": 0.08799999999999998,
    "arm_link_0_ox": 0.0,
    "arm_link_0_oy": 0.0,
    "arm_link_0_oz": -0.38268429856974159,
    "arm_link_0_ow": 0.9238791737170965,
    "arm_link_1_x": 0.24046258086229903,
    "arm_link_1_y": -0.0014399264004918474,
    "arm_link_1_z": 0.18399999999999998,
    "arm_link_1_ox": 0.0,
    "arm_link_1_oy": 0.0,
    "arm_link_1_oz": -0.28660905750974566,
    "arm_link_1_ow": 0.958047623113473,
    "arm_link_2_x": 0.2680410272404218,
    "arm_link_2_y": -0.019562544736952148,
    "arm_link_2_z": 0.20299999999999999,
    "arm_link_2_ox": 0.0027752554578378667,
    "arm_link_2_oy": 0.009276841834713662,
    "arm_link_2_oz": -0.28659562069886626,
    "arm_link_2_ow": 0.9580027079079417,
    "arm_link_3_x": 0.27054950493718707,
    "arm_link_3_y": -0.021210940128074026,
    "arm_link_3_z": 0.3579709338304425,
    "arm_link_3_ox": 0.21754568188687305,
    "arm_link_3_oy": 0.7271895914986269,
    "arm_link_3_oz": -0.18659750303527684,
    "arm_link_3_ow": 0.6237391651719775,
    "arm_link_4_x": 0.3820549548126521,
    "arm_link_4_y": -0.09448449161179289,
    "arm_link_4_z": 0.33741561089371999,
    "arm_link_4_ox": 0.2865627529874986,
    "arm_link_4_oy": 0.9578928410634445,
    "arm_link_4_oz": -0.005151742118012994,
    "arm_link_4_ow": 0.017220719868171275,
    "arm_link_5_x": 0.3876303155419537,
    "arm_link_5_y": -0.0981482271681719,
    "arm_link_5_z": 0.20757150284675825,
    "arm_link_5_ox": -0.15695686859157216,
    "arm_link_5_oy": 0.9874418705738072,
    "arm_link_5_oz": -0.012106984714580239,
    "arm_link_5_ow": 0.013285878245319577,
    "gripper_palm_link_x": 0.3876303155419537,
    "gripper_palm_link_y": -0.0981482271681719,
    "gripper_palm_link_z": 0.20757150284675825,
    "gripper_palm_link_ox": -0.15695686859157216,
    "gripper_palm_link_oy": 0.9874418705738072,
    "gripper_palm_link_oz": -0.012106984714580239,
    "gripper_palm_link_ow": 0.013285878245319577,
    "gripper_finger_link_l_x": 0.3827186591668086,
    "gripper_finger_link_l_y": -0.09264870865737182,
    "gripper_finger_link_l_z": 0.16128549760280923,
    "gripper_finger_link_l_ox": 0.9874418705738235,
    "gripper_finger_link_l_oy": 0.1569568685914699,
    "gripper_finger_link_l_oz": 0.013285878245320982,
    "gripper_finger_link_l_ow": 0.012106984714578882,
    "gripper_finger_link_r_x": 0.38770251595276175,
    "gripper_finger_link_r_y": -0.10794610446944963,
    "gripper_finger_link_r_z": 0.16173745719147268,
    "gripper_finger_link_r_ox": -0.15695686859157216,
    "gripper_finger_link_r_oy": 0.9874418705738072,
    "gripper_finger_link_r_oz": -0.012106984714580239,
    "gripper_finger_link_r_ow": 0.013285878245319577,
    "base_footprint_x": 0.00004836995220647288,
    "base_footprint_y": -0.00002526202609919362,
    "base_footprint_z": 0.0,
    "base_footprint_ox": 0.0,
    "base_footprint_oy": 0.0,
    "base_footprint_oz": -9.375735652190228e-7,
    "base_footprint_ow": 0.9999999999995605,
    "base_link_x": 0.00004836995220647288,
    "base_link_y": -0.00002526202609919362,
    "base_link_z": 0.0,
    "base_link_ox": 0.0,
    "base_link_oy": 0.0,
    "base_link_oz": -9.375735652190228e-7,
    "base_link_ow": 0.9999999999995605,
    "wheel_link_bl_x": -0.22795133377414607,
    "wheel_link_bl_y": 0.15797516550716876,
    "wheel_link_bl_z": -0.033999999999999998,
    "wheel_link_bl_ox": -4.976687979379687e-7,
    "wheel_link_bl_oy": -0.5308050657566179,
    "wheel_link_bl_oz": -7.945879169459389e-7,
    "wheel_link_bl_ow": 0.847493942259314,
    "wheel_link_br_x": -0.22795192632063927,
    "wheel_link_br_y": -0.1580248344922757,
    "wheel_link_br_z": -0.033999999999999998,
    "wheel_link_br_ox": -5.504197629222496e-7,
    "wheel_link_br_oy": -0.5870683467845282,
    "wheel_link_br_oz": -7.590008397769556e-7,
    "wheel_link_br_ow": 0.8095373717147355,
    "wheel_link_fl_x": 0.2280486662250522,
    "wheel_link_fl_y": 0.1579743104400773,
    "wheel_link_fl_z": -0.033999999999999998,
    "wheel_link_fl_ox": 2.9878659895723639e-7,
    "wheel_link_fl_oy": 0.3186806988178113,
    "wheel_link_fl_oz": -8.886904739452746e-7,
    "wheel_link_fl_ow": 0.9478621272105519,
    "wheel_link_fr_x": 0.228048073678559,
    "wheel_link_fr_y": -0.15802568955936717,
    "wheel_link_fr_z": -0.033999999999999998,
    "wheel_link_fr_ox": 8.934435274407744e-7,
    "wheel_link_fr_oy": 0.9529316531355787,
    "wheel_link_fr_oz": 2.842584272659219e-7,
    "wheel_link_fr_ow": -0.3031851982723004,
    "table_1_x": -0.5640734802739771,
    "table_1_y": 0.09975931060025134,
    "table_1_z": 0.0,
    "table_1_ox": 0.0,
    "table_1_oy": 0.0,
    "table_1_oz": -0.6366465996654082,
    "table_1_ow": 0.7711556957803486,
    "table_2_x": -2.2766663492208627,
    "table_2_y": -0.20222688980015952,
    "table_2_z": 0.0,
    "table_2_ox": 0.3694638080736431,
    "table_2_oy": -0.30554680334563535,
    "table_2_oz": -0.5672753401559189,
    "table_2_ow": 0.6695792215563238,
    "table_3_x": 0.02214033275792704,
    "table_3_y": -3.569986506947689,
    "table_3_z": 0.0,
    "table_3_ox": 0.0,
    "table_3_oy": 0.0,
    "table_3_oz": 0.7712957250578337,
    "table_3_ow": 0.6364769473496353,
    "table_4_x": -0.7870186289993948,
    "table_4_y": -3.697135138901842,
    "table_4_z": 0.0,
    "table_4_ox": 0.0,
    "table_4_oy": 0.0,
    "table_4_oz": 0.7712957250578337,
    "table_4_ow": 0.6364769473496353,
    "table_5_x": -1.6022994292353452,
    "table_5_y": -3.847661604238103,
    "table_5_z": 0.0,
    "table_5_ox": 0.30547280798732859,
    "table_5_oy": 0.3695258028220873,
    "table_5_oz": -0.5635682994358925,
    "table_5_ow": 0.6727018778775371,
    "table_6_x": -1.092842364469257,
    "table_6_y": -1.8208191093313274,
    "table_6_z": 0.0,
    "table_6_ox": 0.0,
    "table_6_oy": 0.0,
    "table_6_oz": 0.7774946040662822,
    "table_6_ow": 0.6288896092700331,
    "table_7_x": -1.0073782602737103,
    "table_7_y": -2.275916776754544,
    "table_7_z": 0.0,
    "table_7_ox": 0.0,
    "table_7_oy": 0.0,
    "table_7_oz": -0.6289051528127492,
    "table_7_ow": 0.7774820311528573,
    "object_2_x": 0.49015943395809666,
    "object_2_y": -0.104120473642275,
    "object_2_z": 0.03639055961414131,
    "object_2_ox": -0.008413756399848786,
    "object_2_oy": -0.014341518171025882,
    "object_2_oz": 0.4159777282419038,
    "object_2_ow": 0.9092227775229231
}
