{
    "state": "initial",
    "arm_joint_1": 2.1211288475703777,
    "arm_joint_2": 1.5448177721594426,
    "arm_joint_3": -1.2103142777587357,
    "arm_joint_4": 2.993495321032539,
    "arm_joint_5": 2.7367254313313906,
    "arm_link_0_x": 0.22344365022095553,
    "arm_link_0_y": 0.01555634859316474,
    "arm_link_0_z": 0.088,
    "arm_link_0_ox": 0.0,
    "arm_link_0_oy": 0.0,
    "arm_link_0_oz": -0.38268343236488269,
    "arm_link_0_ow": 0.9238795325113726,
    "arm_link_1_x": 0.24041421296673283,
    "arm_link_1_y": -0.001414214158012247,
    "arm_link_1_z": 0.184,
    "arm_link_1_ox": 0.0,
    "arm_link_1_oy": 0.0,
    "arm_link_1_oz": 0.030261737994183303,
    "arm_link_1_ow": 0.9995420087287834,
    "arm_link_2_x": 0.27335377195876739,
    "arm_link_2_y": 0.0005821458111603646,
    "arm_link_2_z": 0.203,
    "arm_link_2_ox": -0.006165536552588987,
    "arm_link_2_oy": 0.20364702092953494,
    "arm_link_2_oz": 0.02962699690227288,
    "arm_link_2_ow": 0.9785765775247725,
    "arm_link_3_x": 0.33507597890843407,
    "arm_link_3_y": 0.004321534350868019,
    "arm_link_3_z": 0.3451318618779186,
    "arm_link_3_ox": -0.023209210298877366,
    "arm_link_3_oy": 0.7666215265297605,
    "arm_link_3_oz": 0.01941773996597371,
    "arm_link_3_ow": 0.6413857801612819,
    "arm_link_4_x": 0.4677133372843379,
    "arm_link_4_y": 0.012360005374929569,
    "arm_link_4_z": 0.32130510913490897,
    "arm_link_4_ox": -0.03012601198150763,
    "arm_link_4_oy": 0.9950898370132967,
    "arm_link_4_oz": 0.0028529756700241056,
    "arm_link_4_ow": 0.09423640594147816,
    "arm_link_5_x": 0.494032997648723,
    "arm_link_5_y": 0.013955105199425796,
    "arm_link_5_z": 0.19399159400482655,
    "arm_link_5_ox": 0.06276246655317494,
    "arm_link_5_oy": 0.993565414614066,
    "arm_link_5_oz": 0.011624801421832077,
    "arm_link_5_ow": 0.09356016068201124,
    "gripper_palm_link_x": 0.49403224954697907,
    "gripper_palm_link_y": 0.013956753514251594,
    "gripper_palm_link_z": 0.19399159400482655,
    "gripper_palm_link_ox": 0.06276153501247939,
    "gripper_palm_link_oy": 0.9935654734580588,
    "gripper_palm_link_oz": 0.011624889141360366,
    "gripper_palm_link_ow": 0.09356014978286358,
    "gripper_finger_link_l_x": 0.49973921093409776,
    "gripper_finger_link_l_y": 0.022968696393250496,
    "gripper_finger_link_l_z": 0.14835193109160042,
    "gripper_finger_link_l_ox": 0.9935654734580524,
    "gripper_finger_link_l_oy": -0.06276153501258219,
    "gripper_finger_link_l_oz": 0.09356014978286248,
    "gripper_finger_link_l_ow": -0.011624889141370047,
    "gripper_finger_link_r_x": 0.49776764579922497,
    "gripper_finger_link_r_y": 0.00700305265204898,
    "gripper_finger_link_r_z": 0.1477911100001785,
    "gripper_finger_link_r_ox": 0.06276246655317494,
    "gripper_finger_link_r_oy": 0.993565414614066,
    "gripper_finger_link_r_oz": 0.011624801421832077,
    "gripper_finger_link_r_ow": 0.09356016068201124,
    "base_footprint_x": 7.21318405760825e-7,
    "base_footprint_y": -7.225448833764771e-7,
    "base_footprint_z": 0.0,
    "base_footprint_ox": 0.0,
    "base_footprint_oy": 0.0,
    "base_footprint_oz": -9.375735651214036e-7,
    "base_footprint_ow": 0.9999999999995605,
    "base_link_x": 7.213170520315033e-7,
    "base_link_y": -7.225462371032605e-7,
    "base_link_z": 0.0,
    "base_link_ox": 0.0,
    "base_link_oy": 0.0,
    "base_link_oz": -9.375735651214036e-7,
    "base_link_ow": 0.9999999999995605,
    "wheel_link_bl_x": -0.22799898241065423,
    "wheel_link_bl_y": 0.15799970498567707,
    "wheel_link_bl_z": -0.033999999999999998,
    "wheel_link_bl_ox": -4.9573507344645e-7,
    "wheel_link_bl_oy": -0.5287425881957764,
    "wheel_link_bl_oz": -7.957957822013772e-7,
    "wheel_link_bl_ow": 0.8487822308620466,
    "wheel_link_br_x": -0.22800000061730059,
    "wheel_link_br_y": -0.1580000006172994,
    "wheel_link_br_z": -0.034,
    "wheel_link_br_ox": 0.0,
    "wheel_link_br_oy": -0.5854430644278925,
    "wheel_link_br_oz": 0.0,
    "wheel_link_br_ow": 0.8107135241953711,
    "wheel_link_fl_x": 0.22800101758448286,
    "wheel_link_fl_y": 0.15799884991452455,
    "wheel_link_fl_z": -0.033999999999999998,
    "wheel_link_fl_ox": 3.0291643851822146e-7,
    "wheel_link_fl_oy": 0.32308551540578536,
    "wheel_link_fl_oz": -8.872912832265937e-7,
    "wheel_link_fl_ow": 0.9463697743134546,
    "wheel_link_fr_x": 0.227999999379992,
    "wheel_link_fr_y": -0.15800000062000689,
    "wheel_link_fr_z": -0.034,
    "wheel_link_fr_ox": 0.0,
    "wheel_link_fr_oy": 0.9524697548238778,
    "wheel_link_fr_oz": 0.0,
    "wheel_link_fr_ow": -0.304633166522856,
    "table_1_x": -0.5640734802739771,
    "table_1_y": 0.09975931060025134,
    "table_1_z": 0.0,
    "table_1_ox": 0.0,
    "table_1_oy": 0.0,
    "table_1_oz": -0.6366465996654082,
    "table_1_ow": 0.7711556957803486,
    "table_3_x": 0.02214033275792704,
    "table_3_y": -3.569986506947689,
    "table_3_z": 0.0,
    "table_3_ox": 0.0,
    "table_3_oy": 0.0,
    "table_3_oz": 0.7712957250578337,
    "table_3_ow": 0.6364769473496353,
    "table_4_x": -0.7870186289993948,
    "table_4_y": -3.6971351389018416,
    "table_4_z": 0.0,
    "table_4_ox": 0.0,
    "table_4_oy": 0.0,
    "table_4_oz": 0.7712957250578337,
    "table_4_ow": 0.6364769473496353,
    "table_5_x": -1.6022994292353452,
    "table_5_y": -3.847661604238103,
    "table_5_z": 0.0,
    "table_5_ox": 0.30547280798732859,
    "table_5_oy": 0.3695258028220873,
    "table_5_oz": -0.5635682994358925,
    "table_5_ow": 0.6727018778775371,
    "table_6_x": -1.092842364469257,
    "table_6_y": -1.8208191093313274,
    "table_6_z": 0.0,
    "table_6_ox": 0.0,
    "table_6_oy": 0.0,
    "table_6_oz": 0.7774946040662822,
    "table_6_ow": 0.6288896092700331,
    "table_7_x": -1.0073782602737105,
    "table_7_y": -2.275916776754544,
    "table_7_z": 0.0,
    "table_7_ox": 0.0,
    "table_7_oy": 0.0,
    "table_7_oz": -0.6289051528127492,
    "table_7_ow": 0.7774820311528573,
    "object_1_x": 0.587317473271874,
    "object_1_y": 0.08496885612308347,
    "object_1_z": 0.037798537815680297,
    "object_1_ox": 0.006901043672017753,
    "object_1_oy": 0.008881763320257766,
    "object_1_oz": 0.7283199127595096,
    "object_1_ow": 0.6851449441939568,
    "object_2_x": 0.5928993853561837,
    "object_2_y": -0.007386684200664774,
    "object_2_z": 0.0383777283532242,
    "object_2_ox": 0.009012379077243992,
    "object_2_oy": -0.00567109884138074,
    "object_2_oz": 0.7291757659095693,
    "object_2_ow": 0.6842436101795123
}
