{
    "state": "initial",
    "arm_joint_1": 2.0246457039591685,
    "arm_joint_2": 0.9262563032406137,
    "arm_joint_3": -0.9560966002302497,
    "arm_joint_4": 3.429203248636746,
    "arm_joint_5": 2.8177873713507779,
    "arm_link_0_x": 0.22350320505207656,
    "arm_link_0_y": 0.015506913275213577,
    "arm_link_0_z": 0.08799999999999997,
    "arm_link_0_ox": 0.0,
    "arm_link_0_oy": 0.0,
    "arm_link_0_oz": -0.38271548172061367,
    "arm_link_0_ow": 0.9238662565822818,
    "arm_link_1_x": 0.24047259033454178,
    "arm_link_1_y": -0.001464826857585215,
    "arm_link_1_z": 0.184,
    "arm_link_1_ox": 0.0,
    "arm_link_1_oy": 0.0,
    "arm_link_1_oz": 0.07839272474100317,
    "arm_link_1_ow": 0.9969225550200384,
    "arm_link_2_x": 0.2730669926612488,
    "arm_link_2_y": 0.003693170521704489,
    "arm_link_2_z": 0.203,
    "arm_link_2_ox": 0.00814625192499018,
    "arm_link_2_oy": -0.10359612208568053,
    "arm_link_2_oz": 0.07796831325540706,
    "arm_link_2_ow": 0.9915253018438259,
    "arm_link_3_x": 0.24142125438458687,
    "arm_link_3_y": -0.0013147027155649822,
    "arm_link_3_z": 0.3546524594411988,
    "arm_link_3_ox": -0.050016973946047319,
    "arm_link_3_oy": 0.6360673088657606,
    "arm_link_3_oz": 0.060363247175736978,
    "arm_link_3_ow": 0.7676411657147827,
    "arm_link_4_x": 0.3724393655267491,
    "arm_link_4_y": 0.019418644904588637,
    "arm_link_4_z": 0.3797399632867773,
    "arm_link_4_ox": -0.07825753135551669,
    "arm_link_4_oy": 0.9952032968143015,
    "arm_link_4_oz": 0.004601964630352951,
    "arm_link_4_ow": 0.05852331772572859,
    "arm_link_5_x": 0.38945060833797098,
    "arm_link_5_y": 0.02211063922187204,
    "arm_link_5_z": 0.2508703750022896,
    "arm_link_5_ox": -0.025606627095828287,
    "arm_link_5_oy": 0.9979469644488577,
    "arm_link_5_oz": 0.007685285509715029,
    "arm_link_5_ow": 0.05819873866949141,
    "gripper_palm_link_x": 0.38945060833797098,
    "gripper_palm_link_y": 0.02211063922187204,
    "gripper_palm_link_z": 0.2508703750022896,
    "gripper_palm_link_ox": -0.025606627095828287,
    "gripper_palm_link_oy": 0.9979469644488577,
    "gripper_palm_link_oz": 0.007685285509715029,
    "gripper_palm_link_ow": 0.05819873866949141,
    "gripper_finger_link_l_x": 0.39038964208321777,
    "gripper_finger_link_l_y": 0.03078854876988966,
    "gripper_finger_link_l_z": 0.20482066864988458,
    "gripper_finger_link_l_ox": 0.9979469644488603,
    "gripper_finger_link_l_oy": 0.02560662709572509,
    "gripper_finger_link_l_oz": 0.05819873866949069,
    "gripper_finger_link_l_ow": -0.007685285509721051,
    "gripper_finger_link_r_x": 0.3912266319776303,
    "gripper_finger_link_r_y": 0.0147164208210188,
    "gripper_finger_link_r_z": 0.20462175742389186,
    "gripper_finger_link_r_ox": -0.025606627095828287,
    "gripper_finger_link_r_oy": 0.9979469644488577,
    "gripper_finger_link_r_oz": 0.007685285509715029,
    "gripper_finger_link_r_ow": 0.05819873866949141,
    "base_footprint_x": 0.0000584754695670631,
    "base_footprint_y": -0.00003393325379261145,
    "base_footprint_z": 0.0,
    "base_footprint_ox": 0.0,
    "base_footprint_oy": 0.0,
    "base_footprint_oz": -0.00003469022190240057,
    "base_footprint_ow": 0.9999999993982942,
    "base_link_x": 0.0000584754695670631,
    "base_link_y": -0.00003393325379261145,
    "base_link_z": 0.0,
    "base_link_ox": 0.0,
    "base_link_oy": 0.0,
    "base_link_oz": -0.00003469022190240057,
    "base_link_ow": 0.9999999993982942,
    "wheel_link_bl_x": -0.22793056187156272,
    "wheel_link_bl_y": 0.1579818851071073,
    "wheel_link_bl_z": -0.034,
    "wheel_link_bl_ox": -0.000018983937704121444,
    "wheel_link_bl_oy": -0.5472417485857883,
    "wheel_link_bl_oz": -0.000029034834335394928,
    "wheel_link_bl_ow": 0.8369745918493329,
    "wheel_link_br_x": -0.22795248609179184,
    "wheel_link_br_y": -0.1580181141323366,
    "wheel_link_br_z": -0.034,
    "wheel_link_br_ox": -0.000020622469776072877,
    "wheel_link_br_oy": -0.5944750028317675,
    "wheel_link_br_oz": -0.00002789489623520318,
    "wheel_link_br_ow": 0.8041140900424258,
    "wheel_link_fl_x": 0.22806943703092595,
    "wheel_link_fl_y": 0.15795024762475139,
    "wheel_link_fl_z": -0.034,
    "wheel_link_fl_ox": 0.000010285549250192275,
    "wheel_link_fl_oy": 0.29649707266045596,
    "wheel_link_fl_oz": -0.00003313033311422723,
    "wheel_link_fl_ow": 0.9550337610264722,
    "wheel_link_fr_x": 0.22804751281069686,
    "wheel_link_fr_y": -0.15804975161469254,
    "wheel_link_fr_z": -0.034,
    "wheel_link_fr_ox": 0.00003314541794047825,
    "wheel_link_fr_oy": 0.955468604778247,
    "wheel_link_fr_oz": 0.000010236833748225814,
    "wheel_link_fr_ow": -0.29509277198823177,
    "table_1_x": -0.5640734802739771,
    "table_1_y": 0.09975931060025134,
    "table_1_z": 0.0,
    "table_1_ox": 0.0,
    "table_1_oy": 0.0,
    "table_1_oz": -0.6366465996654082,
    "table_1_ow": 0.7711556957803486,
    "table_2_x": -2.2766663492208627,
    "table_2_y": -0.20222688980015952,
    "table_2_z": 0.0,
    "table_2_ox": 0.3694638080736431,
    "table_2_oy": -0.30554680334563535,
    "table_2_oz": -0.5672753401559189,
    "table_2_ow": 0.6695792215563238,
    "table_3_x": 0.02214033275792726,
    "table_3_y": -3.5699865069476885,
    "table_3_z": 0.0,
    "table_3_ox": 0.0,
    "table_3_oy": 0.0,
    "table_3_oz": 0.7712957250578337,
    "table_3_ow": 0.6364769473496353,
    "table_4_x": -0.7870186289993948,
    "table_4_y": -3.697135138901842,
    "table_4_z": 0.0,
    "table_4_ox": 0.0,
    "table_4_oy": 0.0,
    "table_4_oz": 0.7712957250578337,
    "table_4_ow": 0.6364769473496353,
    "table_5_x": -1.6022994292353452,
    "table_5_y": -3.847661604238103,
    "table_5_z": 0.0,
    "table_5_ox": 0.30547280798732859,
    "table_5_oy": 0.3695258028220873,
    "table_5_oz": -0.5635682994358925,
    "table_5_ow": 0.6727018778775371,
    "table_6_x": -1.092842364469257,
    "table_6_y": -1.8208191093313274,
    "table_6_z": 0.0,
    "table_6_ox": 0.0,
    "table_6_oy": 0.0,
    "table_6_oz": 0.7774946040662822,
    "table_6_ow": 0.6288896092700331,
    "table_7_x": -1.0073782602737103,
    "table_7_y": -2.275916776754544,
    "table_7_z": 0.0,
    "table_7_ox": 0.0,
    "table_7_oy": 0.0,
    "table_7_oz": -0.6289051528127492,
    "table_7_ow": 0.7774820311528573,
    "object_1_x": 0.46151231994404248,
    "object_1_y": 0.12794555481159904,
    "object_1_z": 0.03480935600168167,
    "object_1_ox": -0.0009277193674723065,
    "object_1_oy": 0.005517126943571313,
    "object_1_oz": 0.7220189860453136,
    "object_1_ow": 0.6918506229217122,
    "object_2_x": 0.5995653195372789,
    "object_2_y": 0.028057421197819879,
    "object_2_z": 0.03346045648812723,
    "object_2_ox": -0.011835096827388063,
    "object_2_oy": -0.002018671131592707,
    "object_2_oz": 0.717686354289716,
    "object_2_ow": 0.6962629907702154,
    "object_3_x": 0.46998936661459397,
    "object_3_y": -0.06168188461589796,
    "object_3_z": 0.03488958856443436,
    "object_3_ox": -0.0024299014893259874,
    "object_3_oy": -0.022503630437899857,
    "object_3_oz": 0.7264297266361456,
    "object_3_ow": 0.6868679163093887
}
