{
    "state": "initial",
    "arm_joint_1": 2.029599753912906,
    "arm_joint_2": 0.9961164629540944,
    "arm_joint_3": -0.5559362359792498,
    "arm_joint_4": 2.74320773166591,
    "arm_joint_5": 2.204535211034894,
    "arm_link_0_x": 0.22344434357469776,
    "arm_link_0_y": 0.015557490107435447,
    "arm_link_0_z": 0.088,
    "arm_link_0_ox": 0.0,
    "arm_link_0_oy": 0.0,
    "arm_link_0_oz": -0.3826825661596875,
    "arm_link_0_ow": 0.9238798913048365,
    "arm_link_1_x": 0.2404149381454547,
    "arm_link_1_y": -0.0014130408187022143,
    "arm_link_1_z": 0.18399999999999998,
    "arm_link_1_ox": 0.0,
    "arm_link_1_oy": 0.0,
    "arm_link_1_oz": 0.07595860961626266,
    "arm_link_1_ow": 0.9971109715699473,
    "arm_link_2_x": 0.27303413726071548,
    "arm_link_2_y": 0.0035857439415136725,
    "arm_link_2_z": 0.20299999999999999,
    "arm_link_2_ox": 0.005250154456467708,
    "arm_link_2_oy": -0.06891893673972675,
    "arm_link_2_oz": 0.07577695067115742,
    "arm_link_2_ow": 0.9947263290894787,
    "arm_link_3_x": 0.2519052687824111,
    "arm_link_3_y": 0.00034781448234003494,
    "arm_link_3_z": 0.3565190109714232,
    "arm_link_3_ox": -0.06075108051131471,
    "arm_link_3_oy": 0.7974812759025537,
    "arm_link_3_oz": 0.04559623440091891,
    "arm_link_3_ow": 0.5985431515020443,
    "arm_link_4_x": 0.3800356414039916,
    "arm_link_4_y": 0.019983371802994283,
    "arm_link_4_z": 0.3188088995878396,
    "arm_link_4_ox": -0.07490533050088229,
    "arm_link_4_oy": 0.9832845446859245,
    "arm_link_4_oz": 0.012605627211265128,
    "arm_link_4_ow": 0.16547445061688013,
    "arm_link_5_x": 0.4239623736960948,
    "arm_link_5_y": 0.026714998755941689,
    "arm_link_5_z": 0.19662409124938755,
    "arm_link_5_ox": 0.2757573292128356,
    "arm_link_5_oy": 0.946793113484174,
    "arm_link_5_oz": 0.07000655100985053,
    "arm_link_5_ow": 0.15046520680892604,
    "gripper_palm_link_x": 0.4239623736960948,
    "gripper_palm_link_y": 0.026714998755941689,
    "gripper_palm_link_z": 0.19662409124938755,
    "gripper_palm_link_ox": 0.2757573292128356,
    "gripper_palm_link_oy": 0.946793113484174,
    "gripper_palm_link_oz": 0.07000655100985053,
    "gripper_palm_link_ow": 0.15046520680892604,
    "gripper_finger_link_l_x": 0.43966680095641,
    "gripper_finger_link_l_y": 0.03791339247593467,
    "gripper_finger_link_l_z": 0.15390722928413429,
    "gripper_finger_link_l_ox": 0.9467931134841455,
    "gripper_finger_link_l_oy": -0.27575732921293336,
    "gripper_finger_link_l_oz": 0.15046520680891874,
    "gripper_finger_link_l_ow": -0.07000655100986605,
    "gripper_finger_link_r_x": 0.4316014769383298,
    "gripper_finger_link_r_y": 0.024423834059374224,
    "gripper_finger_link_r_z": 0.15043796757973236,
    "gripper_finger_link_r_ox": 0.2757573292128356,
    "gripper_finger_link_r_oy": 0.946793113484174,
    "gripper_finger_link_r_oz": 0.07000655100985053,
    "gripper_finger_link_r_ow": 0.15046520680892604,
    "base_footprint_x": 7.21931645135676e-7,
    "base_footprint_y": 7.219316451356762e-7,
    "base_footprint_z": 0.0,
    "base_footprint_ox": 0.0,
    "base_footprint_oy": 0.0,
    "base_footprint_oz": 9.375735651111305e-7,
    "base_footprint_ow": 0.9999999999995605,
    "base_link_x": 7.21931645135676e-7,
    "base_link_y": 7.219316451356762e-7,
    "base_link_z": 0.0,
    "base_link_ox": 0.0,
    "base_link_oy": 0.0,
    "base_link_oz": 9.375735651111305e-7,
    "base_link_ow": 0.9999999999995605,
    "wheel_link_bl_x": -0.2279995743412006,
    "wheel_link_bl_y": 0.15800029439782169,
    "wheel_link_bl_z": -0.033999999999999998,
    "wheel_link_bl_ox": 4.976687978806989e-7,
    "wheel_link_bl_oy": -0.5308050657566179,
    "wheel_link_bl_oz": 7.945879168545008e-7,
    "wheel_link_bl_ow": 0.847493942259314,
    "wheel_link_br_x": -0.22799898179470744,
    "wheel_link_br_y": -0.15799970560162278,
    "wheel_link_br_z": -0.033999999999999998,
    "wheel_link_br_ox": 5.508119038494958e-7,
    "wheel_link_br_oy": -0.5874865976879009,
    "wheel_link_br_oz": 7.587163083609639e-7,
    "wheel_link_br_ow": 0.8092338954444602,
    "wheel_link_fl_x": 0.2280004256579977,
    "wheel_link_fl_y": 0.15800114946491304,
    "wheel_link_fl_z": -0.033999999999999998,
    "wheel_link_fl_ox": -2.978679760047784e-7,
    "wheel_link_fl_oy": 0.3177009112552584,
    "wheel_link_fl_oz": 8.889987957618456e-7,
    "wheel_link_fl_ow": 0.9481909781192286,
    "wheel_link_fr_x": 0.22800101820449088,
    "wheel_link_fr_y": -0.15799885053453142,
    "wheel_link_fr_z": -0.033999999999999998,
    "wheel_link_fr_ox": -8.935730440324806e-7,
    "wheel_link_fr_oy": 0.9530697934366066,
    "wheel_link_fr_oz": -2.838510260219637e-7,
    "wheel_link_fr_ow": -0.30275067107741479,
    "table_1_x": -0.5640734802739771,
    "table_1_y": 0.09975931060025134,
    "table_1_z": 0.0,
    "table_1_ox": 0.0,
    "table_1_oy": 0.0,
    "table_1_oz": -0.6366465996654082,
    "table_1_ow": 0.7711556957803486,
    "table_2_x": -2.2766663492208627,
    "table_2_y": -0.20222688980015952,
    "table_2_z": 0.0,
    "table_2_ox": 0.3694638080736431,
    "table_2_oy": -0.30554680334563535,
    "table_2_oz": -0.5672753401559189,
    "table_2_ow": 0.6695792215563238,
    "table_3_x": 0.02214033275792726,
    "table_3_y": -3.5699865069476885,
    "table_3_z": 0.0,
    "table_3_ox": 0.0,
    "table_3_oy": 0.0,
    "table_3_oz": 0.7712957250578337,
    "table_3_ow": 0.6364769473496353,
    "table_4_x": -0.7870186289993948,
    "table_4_y": -3.6971351389018416,
    "table_4_z": 0.0,
    "table_4_ox": 0.0,
    "table_4_oy": 0.0,
    "table_4_oz": 0.7712957250578337,
    "table_4_ow": 0.6364769473496353,
    "table_5_x": -1.6022994292353452,
    "table_5_y": -3.847661604238103,
    "table_5_z": 0.0,
    "table_5_ox": 0.30547280798732859,
    "table_5_oy": 0.3695258028220873,
    "table_5_oz": -0.5635682994358925,
    "table_5_ow": 0.6727018778775371,
    "table_6_x": -1.092842364469257,
    "table_6_y": -1.8208191093313274,
    "table_6_z": 0.0,
    "table_6_ox": 0.0,
    "table_6_oy": 0.0,
    "table_6_oz": 0.7774946040662822,
    "table_6_ow": 0.6288896092700331,
    "table_7_x": -1.0073782602737103,
    "table_7_y": -2.275916776754544,
    "table_7_z": 0.0,
    "table_7_ox": 0.0,
    "table_7_oy": 0.0,
    "table_7_oz": -0.6289051528127492,
    "table_7_ow": 0.7774820311528573,
    "object_2_x": 0.5075059450031976,
    "object_2_y": -0.022771190002413168,
    "object_2_z": 0.038574543241174017,
    "object_2_ox": -0.00001129689766528356,
    "object_2_oy": -0.00033612902770269925,
    "object_2_oz": 0.9124763772244663,
    "object_2_ow": 0.4091292557334055
}
