{
    "state": "initial",
    "arm_link_0_x": 0.2252339174412383,
    "arm_link_0_y": 0.015245742801900102,
    "arm_link_0_z": 0.08799999999999998,
    "arm_link_0_ox": 0.0,
    "arm_link_0_oy": 0.0,
    "arm_link_0_oz": -0.38309137760618508,
    "arm_link_0_ow": 0.9237104505221294,
    "arm_link_1_x": 0.24219020351058866,
    "arm_link_1_y": -0.0017409750099117989,
    "arm_link_1_z": 0.184,
    "arm_link_1_ox": 0.0,
    "arm_link_1_oy": 0.0,
    "arm_link_1_oz": 0.21524226395540817,
    "arm_link_1_ow": 0.9765606831156732,
    "arm_link_2_x": 0.2721324741858738,
    "arm_link_2_y": 0.012132035723449597,
    "arm_link_2_z": 0.20300000000000005,
    "arm_link_2_ox": 0.008821406564032518,
    "arm_link_2_oy": -0.040022989267560277,
    "arm_link_2_oz": 0.21506142140998156,
    "arm_link_2_ow": 0.9757401949993857,
    "arm_link_3_x": 0.26061445669797259,
    "arm_link_3_y": 0.006795447126303139,
    "arm_link_3_z": 0.35747930636605948,
    "arm_link_3_ox": -0.16506478848796198,
    "arm_link_3_oy": 0.7489039542789014,
    "arm_link_3_oz": 0.13814068116986387,
    "arm_link_3_ow": 0.6267484623617162,
    "arm_link_4_x": 0.38118896135676408,
    "arm_link_4_y": 0.06266066240739236,
    "arm_link_4_z": 0.3336913567401088,
    "arm_link_4_ox": -0.2146842629206496,
    "arm_link_4_oy": 0.974029015488371,
    "arm_link_4_oz": 0.015488687706420805,
    "arm_link_4_ow": 0.07027264612994973,
    "arm_link_5_x": 0.3999166799389323,
    "arm_link_5_y": 0.07133768773047655,
    "arm_link_5_z": 0.2053247653380799,
    "arm_link_5_ox": -0.22932487934574728,
    "arm_link_5_oy": 0.970686332175377,
    "arm_link_5_oz": 0.014428909342641265,
    "arm_link_5_ow": 0.07049787809681942,
    "gripper_palm_link_x": 0.3999166799375774,
    "gripper_palm_link_y": 0.07133768772912402,
    "gripper_palm_link_z": 0.2053247653380799,
    "gripper_palm_link_ox": -0.22932487934574728,
    "gripper_palm_link_oy": 0.970686332175377,
    "gripper_palm_link_oz": 0.014428909342641265,
    "gripper_palm_link_ow": 0.07049787809681942,
    "gripper_finger_link_l_x": 0.39876923117372095,
    "gripper_finger_link_l_y": 0.07953868419254928,
    "gripper_finger_link_l_z": 0.15919245158749696,
    "gripper_finger_link_l_ox": 0.9706863321754007,
    "gripper_finger_link_l_oy": 0.22932487934564686,
    "gripper_finger_link_l_oz": 0.07049787809681804,
    "gripper_finger_link_l_ow": -0.01442890934264857,
    "gripper_finger_link_r_x": 0.40596761138095008,
    "gripper_finger_link_r_y": 0.06514313286362199,
    "gripper_finger_link_r_z": 0.15926201387524104,
    "gripper_finger_link_r_ox": -0.22932487934574728,
    "gripper_finger_link_r_oy": 0.970686332175377,
    "gripper_finger_link_r_oz": 0.014428909342641265,
    "gripper_finger_link_r_ow": 0.07049787809681942,
    "base_footprint_x": 0.0017773357811166754,
    "base_footprint_y": -0.00011397876266393099,
    "base_footprint_z": 0.0,
    "base_footprint_ox": 0.0,
    "base_footprint_oy": 0.0,
    "base_footprint_oz": -0.00044253470829292877,
    "base_footprint_ow": 0.9999999020815112,
    "base_link_x": 0.001777335779761751,
    "base_link_y": -0.00011397876401646164,
    "base_link_z": 0.0,
    "base_link_ox": 0.0,
    "base_link_oy": 0.0,
    "base_link_oz": -0.00044253470829292877,
    "base_link_ow": 0.9999999020815112,
    "wheel_link_bl_x": -0.22608273396445334,
    "wheel_link_bl_y": 0.15808775515872373,
    "wheel_link_bl_z": -0.03400000000000001,
    "wheel_link_bl_ox": -0.0002368004808510012,
    "wheel_link_bl_oy": -0.5351003056400036,
    "wheel_link_bl_oz": -0.00037384823165643316,
    "wheel_link_bl_ow": 0.8447884155615575,
    "wheel_link_br_x": -0.2263624158727084,
    "wheel_link_br_y": -0.15791212107231254,
    "wheel_link_br_z": -0.03400000000000001,
    "wheel_link_br_ox": -0.00026044019491114085,
    "wheel_link_br_oy": -0.5885191930230167,
    "wheel_link_br_oz": -0.000357781878968953,
    "wheel_link_br_ow": 0.8084831251217116,
    "wheel_link_fl_x": 0.22991708743223189,
    "wheel_link_fl_y": 0.15768416354427965,
    "wheel_link_fl_z": -0.03400000000000001,
    "wheel_link_fl_ox": 0.0001387300924154277,
    "wheel_link_fl_oy": 0.31348971330708949,
    "wheel_link_fl_oz": -0.00042022723555513916,
    "wheel_link_fl_ow": 0.949591493124107,
    "wheel_link_fr_x": 0.2296374055226219,
    "wheel_link_fr_y": -0.15831571268810919,
    "wheel_link_fr_z": -0.03400000000000001,
    "wheel_link_fr_ox": 0.0004220950596639454,
    "wheel_link_fr_oy": 0.9538122330816953,
    "wheel_link_fr_oz": 0.00013293881544228505,
    "wheel_link_fr_ow": -0.300403109482478,
    "table_1_x": -0.5640734802739771,
    "table_1_y": 0.09975931060025134,
    "table_1_z": 0.0,
    "table_1_ox": 0.0,
    "table_1_oy": 0.0,
    "table_1_oz": -0.6366465996654082,
    "table_1_ow": 0.7711556957803486,
    "table_2_x": -2.2766663492208627,
    "table_2_y": -0.20222688980015947,
    "table_2_z": 0.0,
    "table_2_ox": 0.3694638080736431,
    "table_2_oy": -0.30554680334563535,
    "table_2_oz": -0.5672753401559189,
    "table_2_ow": 0.6695792215563238,
    "table_3_x": 0.02214033275792726,
    "table_3_y": -3.5699865069476885,
    "table_3_z": 0.0,
    "table_3_ox": 0.0,
    "table_3_oy": 0.0,
    "table_3_oz": 0.7712957250578337,
    "table_3_ow": 0.6364769473496353,
    "table_4_x": -0.7870186289993946,
    "table_4_y": -3.6971351389018416,
    "table_4_z": 0.0,
    "table_4_ox": 0.0,
    "table_4_oy": 0.0,
    "table_4_oz": 0.7712957250578337,
    "table_4_ow": 0.6364769473496353,
    "table_5_x": -1.6022994292353452,
    "table_5_y": -3.847661604238103,
    "table_5_z": 0.0,
    "table_5_ox": 0.30547280798732859,
    "table_5_oy": 0.3695258028220873,
    "table_5_oz": -0.5635682994358925,
    "table_5_ow": 0.6727018778775371,
    "table_6_x": -1.092842364469257,
    "table_6_y": -1.8208191093313274,
    "table_6_z": 0.0,
    "table_6_ox": 0.0,
    "table_6_oy": 0.0,
    "table_6_oz": 0.7774946040662822,
    "table_6_ow": 0.6288896092700331,
    "table_7_x": -1.0073782602737103,
    "table_7_y": -2.275916776754544,
    "table_7_z": 0.0,
    "table_7_ox": 0.0,
    "table_7_oy": 0.0,
    "table_7_oz": -0.6289051528127492,
    "table_7_ow": 0.7774820311528573,
    "object_1_x": 0.4712212327888038,
    "object_1_y": 0.01017149106773741,
    "object_1_z": 0.03581672920091322,
    "object_1_ox": -0.007010027793157083,
    "object_1_oy": 0.000021894428923296306,
    "object_1_oz": 0.7175405427669557,
    "object_1_ow": 0.6964814631536692,
    "object_2_x": 0.47966063732686839,
    "object_2_y": 0.164981944205396,
    "object_2_z": 0.03478782708053771,
    "object_2_ox": 0.03281445532589444,
    "object_2_oy": -0.01604341709241664,
    "object_2_oz": 0.7319419803977394,
    "object_2_ow": 0.6803872115355336,
    "object_3_x": 0.48568092395458087,
    "object_3_y": 0.06664863061796242,
    "object_3_z": 0.03559722476879493,
    "object_3_ox": 0.0029340594011447328,
    "object_3_oy": 0.0069489551166395159,
    "object_3_oz": 0.7286348488429162,
    "object_3_ow": 0.6848608328484542
}
