{
    "state": "initial",
    "arm_joint_1": 1.9909239289691932,
    "arm_joint_2": 1.3115243100087313,
    "arm_joint_3": -1.3148507733069362,
    "arm_joint_4": 3.3924554641465165,
    "arm_joint_5": 3.088937790804274,
    "arm_link_0_x": 0.2230352654033122,
    "arm_link_0_y": 0.01567345520969718,
    "arm_link_0_z": 0.088,
    "arm_link_0_ox": 0.0,
    "arm_link_0_oy": 0.0,
    "arm_link_0_oz": -0.38288005223747048,
    "arm_link_0_ow": 0.9237980653793512,
    "arm_link_1_x": 0.23999860295204654,
    "arm_link_1_y": -0.001304329663710187,
    "arm_link_1_z": 0.184,
    "arm_link_1_ox": 0.0,
    "arm_link_1_oy": 0.0,
    "arm_link_1_oz": 0.09501245292220707,
    "arm_link_1_ow": 0.9954760839868054,
    "arm_link_2_x": 0.2724027967821671,
    "arm_link_2_y": 0.004938123557578458,
    "arm_link_2_z": 0.20300000000000005,
    "arm_link_2_ox": -0.008400483233679684,
    "arm_link_2_oy": 0.08801456962601713,
    "arm_link_2_oz": 0.09464036185336189,
    "arm_link_2_ow": 0.9915775659640815,
    "arm_link_3_x": 0.29921105364547787,
    "arm_link_3_y": 0.010102556602598435,
    "arm_link_3_z": 0.3555766888986462,
    "arm_link_3_ox": -0.061585401603151287,
    "arm_link_3_oy": 0.6452500965200394,
    "arm_link_3_oz": 0.07235056682344086,
    "arm_link_3_ow": 0.7580402012628257,
    "arm_link_4_x": 0.43007361448449996,
    "arm_link_4_y": 0.035312361812944389,
    "arm_link_4_z": 0.3771371509338132,
    "arm_link_4_ox": -0.09481884615980144,
    "arm_link_4_oy": 0.9934476035535013,
    "arm_link_4_oz": 0.00606239418204762,
    "arm_link_4_ow": 0.06351765725773209,
    "arm_link_5_x": 0.4482784392018445,
    "arm_link_5_y": 0.0388194006640128,
    "arm_link_5_z": 0.2484503799139921,
    "arm_link_5_ox": -0.17661132228411376,
    "arm_link_5_oy": 0.9822103621090177,
    "arm_link_5_oz": 0.0007913698187709944,
    "arm_link_5_ow": 0.06380140390727458,
    "gripper_palm_link_x": 0.4482784392018445,
    "gripper_palm_link_y": 0.0388194006640128,
    "gripper_palm_link_z": 0.2484503799139921,
    "gripper_palm_link_ox": -0.1766139395956115,
    "gripper_palm_link_oy": 0.9822098914864319,
    "gripper_palm_link_oz": 0.0007911998061166429,
    "gripper_palm_link_ow": 0.0638014060158243,
    "gripper_finger_link_l_x": 0.44752012715809638,
    "gripper_finger_link_l_y": 0.04608571112086002,
    "gripper_finger_link_l_z": 0.20215363004070154,
    "gripper_finger_link_l_ox": 0.9822098914864502,
    "gripper_finger_link_l_oy": 0.17661393959550993,
    "gripper_finger_link_l_oz": 0.06380140601582415,
    "gripper_finger_link_l_ow": -0.0007911998061232354,
    "gripper_finger_link_r_x": 0.4531062541633665,
    "gripper_finger_link_r_y": 0.03099464702998706,
    "gripper_finger_link_r_z": 0.20249138964108555,
    "gripper_finger_link_r_ox": -0.17663566985787508,
    "gripper_finger_link_r_oy": 0.9822059838583405,
    "gripper_finger_link_r_oz": 0.000789788270511663,
    "gripper_finger_link_r_ow": 0.06380142350462907,
    "base_footprint_x": -0.0004149868587321986,
    "base_footprint_y": 0.00021221809659202422,
    "base_footprint_z": 0.0,
    "base_footprint_ox": 0.0,
    "base_footprint_oy": 0.0,
    "base_footprint_oz": -0.00021282919767568517,
    "base_footprint_ow": 0.9999999773518661,
    "base_link_x": -0.0004149868587321986,
    "base_link_y": 0.00021221809659202422,
    "base_link_z": 0.0,
    "base_link_ox": 0.0,
    "base_link_oy": 0.0,
    "base_link_oz": -0.00021282919767568517,
    "base_link_ow": 0.9999999773518661,
    "wheel_link_bl_x": -0.22834771217869197,
    "wheel_link_bl_y": 0.15830925389491366,
    "wheel_link_bl_z": -0.034,
    "wheel_link_bl_ox": -0.00011159136545211186,
    "wheel_link_bl_oy": -0.5243235615388712,
    "wheel_link_bl_oz": -0.0001812281284453633,
    "wheel_link_bl_ow": 0.8515190881706213,
    "wheel_link_br_x": -0.22848222022857665,
    "wheel_link_br_y": -0.15769071747784536,
    "wheel_link_br_z": -0.034,
    "wheel_link_br_ox": -0.00012498717926888645,
    "wheel_link_br_oy": -0.5872651769735977,
    "wheel_link_br_oz": -0.00017226280040009542,
    "wheel_link_br_ow": 0.8093945679443998,
    "wheel_link_fl_x": 0.22765224651111225,
    "wheel_link_fl_y": 0.1581151536710294,
    "wheel_link_fl_z": -0.034,
    "wheel_link_fl_ox": 0.00006986303545071069,
    "wheel_link_fl_oy": 0.3282586911543146,
    "wheel_link_fl_oz": -0.0002010358765516459,
    "wheel_link_fl_ow": 0.9445878394227765,
    "wheel_link_fr_x": 0.22751773846122756,
    "wheel_link_fr_y": -0.1578848177017296,
    "wheel_link_fr_z": -0.034,
    "wheel_link_fr_ox": 0.00020214004953514816,
    "wheel_link_fr_oy": 0.9497759102821957,
    "wheel_link_fr_oz": 0.00006660080898310261,
    "wheel_link_fr_ow": -0.31293078300378066,
    "table_2_x": 0.5012871835025665,
    "table_2_y": 0.05477022954099654,
    "table_2_z": 0.030927778167575638,
    "table_2_ox": 0.016507620756958487,
    "table_2_oy": -0.005577920679168666,
    "table_2_oz": 0.8209654752670604,
    "table_2_ow": 0.570711900767253,
    "table_3_x": 0.46854522612173596,
    "table_3_y": 0.1426368904182772,
    "table_3_z": 0.0304557171472275,
    "table_3_ox": -0.009908155110631256,
    "table_3_oy": -0.0013477522439192033,
    "table_3_oz": 0.8212729091749262,
    "table_3_ow": 0.5704479123299042,
    "table_4_x": -0.7870186289993948,
    "table_4_y": -3.6971351389018416,
    "table_4_z": 0.0,
    "table_4_ox": 0.0,
    "table_4_oy": 0.0,
    "table_4_oz": 0.7712957250578337,
    "table_4_ow": 0.6364769473496353,
    "table_6_x": -1.092842364469257,
    "table_6_y": -1.8208191093313274,
    "table_6_z": 0.0,
    "table_6_ox": 0.0,
    "table_6_oy": 0.0,
    "table_6_oz": 0.7774946040662822,
    "table_6_ow": 0.6288896092700331,
    "table_7_x": -1.0073782602737103,
    "table_7_y": -2.275916776754544,
    "table_7_z": 0.0,
    "table_7_ox": 0.0,
    "table_7_oy": 0.0,
    "table_7_oz": -0.6289051528127492,
    "table_7_ow": 0.7774820311528573,
    "object_1_x": 0.5591829663625065,
    "object_1_y": 0.17516501129038418,
    "object_1_z": 0.03511221948314758,
    "object_1_ox": 0.008424035113859665,
    "object_1_oy": 0.00497418076679243,
    "object_1_oz": 0.8221601205861066,
    "object_1_ow": 0.569172231645166,
    "object_2_x": 0.5913993707675659,
    "object_2_y": 0.08893937497969228,
    "object_2_z": 0.033377186178067567,
    "object_2_ox": -0.006112619519353875,
    "object_2_oy": -0.00327200775410071,
    "object_2_oz": 0.8222505843327642,
    "object_2_ow": 0.5690833914395119,
    "object_3_x": 0.6280772443899154,
    "object_3_y": -0.004246237608722822,
    "object_3_z": 0.018813434565499333,
    "object_3_ox": -0.3702422383330039,
    "object_3_oy": -0.013462233481360126,
    "object_3_oz": 0.7635109468503435,
    "object_3_ow": 0.5289522542380855
}
