{
    "state": "initial",
    "arm_joint_1": 2.0463247071103827,
    "arm_joint_2": 0.7285272810016946,
    "arm_joint_3": -0.8123216124387128,
    "arm_joint_4": 3.4605749273887906,
    "arm_joint_5": 3.042942219488688,
    "arm_link_0_x": 0.2234436508247188,
    "arm_link_0_y": 0.015556349175267237,
    "arm_link_0_z": 0.088,
    "arm_link_0_ox": 0.0,
    "arm_link_0_oy": 0.0,
    "arm_link_0_oz": -0.38268343236488269,
    "arm_link_0_ow": 0.9238795325113726,
    "arm_link_1_x": 0.24041421357320354,
    "arm_link_1_y": -0.001414213573202297,
    "arm_link_1_z": 0.184,
    "arm_link_1_ox": 0.0,
    "arm_link_1_oy": 0.0,
    "arm_link_1_oz": 0.06761679829069745,
    "arm_link_1_ow": 0.9977113653702233,
    "arm_link_2_x": 0.27311245950007198,
    "arm_link_2_y": 0.0030382816043396335,
    "arm_link_2_z": 0.203,
    "arm_link_2_ox": 0.013630035162331382,
    "arm_link_2_oy": -0.2011163103788174,
    "arm_link_2_oz": 0.06622879700370887,
    "arm_link_2_ow": 0.9772308827951184,
    "arm_link_3_x": 0.21246580520181045,
    "arm_link_3_y": -0.0052199269980728,
    "arm_link_3_z": 0.3454036000707363,
    "arm_link_3_ox": -0.04172149738542003,
    "arm_link_3_oy": 0.6156164322176202,
    "arm_link_3_oz": 0.053210413144451868,
    "arm_link_3_ow": 0.7851397181219171,
    "arm_link_4_x": 0.3423695265682239,
    "arm_link_4_y": 0.01246896353820621,
    "arm_link_4_z": 0.37760804583141929,
    "arm_link_4_ox": -0.06745106795278792,
    "arm_link_4_oy": 0.9952659517171233,
    "arm_link_4_oz": 0.004731262317104321,
    "arm_link_4_ow": 0.06981156022840345,
    "arm_link_5_x": 0.3623139378274226,
    "arm_link_5_y": 0.015184778788636078,
    "arm_link_5_z": 0.2491602167059355,
    "arm_link_5_ox": -0.12677024322206838,
    "arm_link_5_oy": 0.9894610991083886,
    "arm_link_5_oz": 0.0005535100990684374,
    "arm_link_5_ow": 0.06996951058287809,
    "gripper_palm_link_x": 0.3623139378274226,
    "gripper_palm_link_y": 0.015184778788636078,
    "gripper_palm_link_z": 0.2491602167059355,
    "gripper_palm_link_ox": -0.12677024322206838,
    "gripper_palm_link_oy": 0.9894610991083886,
    "gripper_palm_link_oz": 0.0005535100990684374,
    "gripper_palm_link_ow": 0.06996951058287809,
    "gripper_finger_link_l_x": 0.3628250634560522,
    "gripper_finger_link_l_y": 0.022836949085814085,
    "gripper_finger_link_l_z": 0.20292228429135027,
    "gripper_finger_link_l_ox": 0.9894610991084017,
    "gripper_finger_link_l_oy": 0.126770243221966,
    "gripper_finger_link_l_oz": 0.06996951058287797,
    "gripper_finger_link_l_ow": -0.0005535100990756673,
    "gripper_finger_link_r_x": 0.36686407203377438,
    "gripper_finger_link_r_y": 0.007259142625436965,
    "gripper_finger_link_r_z": 0.20319018381760937,
    "gripper_finger_link_r_ox": -0.12677024322206838,
    "gripper_finger_link_r_oy": 0.9894610991083886,
    "gripper_finger_link_r_oz": 0.0005535100990684374,
    "gripper_finger_link_r_ow": 0.06996951058287809,
    "base_footprint_x": 1.082981426738449e-11,
    "base_footprint_y": -1.0829834574152368e-11,
    "base_footprint_z": 0.0,
    "base_footprint_ox": 0.0,
    "base_footprint_oy": 0.0,
    "base_footprint_oz": 0.0,
    "base_footprint_ow": 1.0,
    "base_link_x": 1.082981426738449e-11,
    "base_link_y": -1.0829834574152368e-11,
    "base_link_z": 0.0,
    "base_link_ox": 0.0,
    "base_link_oy": 0.0,
    "base_link_oz": 0.0,
    "base_link_ow": 1.0,
    "wheel_link_bl_x": -0.2279999999891702,
    "wheel_link_bl_y": 0.15799999998917017,
    "wheel_link_bl_z": -0.034,
    "wheel_link_bl_ox": 0.0,
    "wheel_link_bl_oy": -0.552066502763127,
    "wheel_link_bl_oz": 0.0,
    "wheel_link_bl_ow": 0.8338000818702829,
    "wheel_link_br_x": -0.2279999999891702,
    "wheel_link_br_y": -0.15800000001082985,
    "wheel_link_br_z": -0.034,
    "wheel_link_br_ox": 0.0,
    "wheel_link_br_oy": -0.6009329762589128,
    "wheel_link_br_oz": 0.0,
    "wheel_link_br_ow": 0.799299417017556,
    "wheel_link_fl_x": 0.22800000001082983,
    "wheel_link_fl_y": 0.15799999998917017,
    "wheel_link_fl_z": -0.034,
    "wheel_link_fl_ox": 0.0,
    "wheel_link_fl_oy": 0.2902492757184901,
    "wheel_link_fl_oz": 0.0,
    "wheel_link_fl_ow": 0.9569510739556605,
    "wheel_link_fr_x": 0.22800000001082983,
    "wheel_link_fr_y": -0.15800000001082985,
    "wheel_link_fr_z": -0.034,
    "wheel_link_fr_ox": 0.0,
    "wheel_link_fr_oy": 0.9581546437997267,
    "wheel_link_fr_oz": 0.0,
    "wheel_link_fr_ow": -0.28625107609408009,
    "table_1_x": -0.5640734802739771,
    "table_1_y": 0.09975931060025134,
    "table_1_z": 0.0,
    "table_1_ox": 0.0,
    "table_1_oy": 0.0,
    "table_1_oz": -0.6366465996654082,
    "table_1_ow": 0.7711556957803486,
    "table_2_x": -2.2766663492208627,
    "table_2_y": -0.20222688980015975,
    "table_2_z": 0.0,
    "table_2_ox": 0.3694638080736431,
    "table_2_oy": -0.30554680334563535,
    "table_2_oz": -0.5672753401559189,
    "table_2_ow": 0.6695792215563238,
    "table_3_x": 0.02214033275792726,
    "table_3_y": -3.5699865069476885,
    "table_3_z": 0.0,
    "table_3_ox": 0.0,
    "table_3_oy": 0.0,
    "table_3_oz": 0.7712957250578337,
    "table_3_ow": 0.6364769473496353,
    "table_4_x": -0.7870186289993948,
    "table_4_y": -3.6971351389018416,
    "table_4_z": 0.0,
    "table_4_ox": 0.0,
    "table_4_oy": 0.0,
    "table_4_oz": 0.7712957250578337,
    "table_4_ow": 0.6364769473496353,
    "table_5_x": -1.6022994292353452,
    "table_5_y": -3.847661604238103,
    "table_5_z": 0.0,
    "table_5_ox": 0.30547280798732859,
    "table_5_oy": 0.3695258028220873,
    "table_5_oz": -0.5635682994358925,
    "table_5_ow": 0.6727018778775371,
    "table_6_x": -1.092842364469257,
    "table_6_y": -1.8208191093313274,
    "table_6_z": 0.0,
    "table_6_ox": 0.0,
    "table_6_oy": 0.0,
    "table_6_oz": 0.7774946040662822,
    "table_6_ow": 0.6288896092700331,
    "table_7_x": -1.0073782602737103,
    "table_7_y": -2.275916776754544,
    "table_7_z": 0.0,
    "table_7_ox": 0.0,
    "table_7_oy": 0.0,
    "table_7_oz": -0.6289051528127492,
    "table_7_ow": 0.7774820311528573,
    "object_1_x": 0.4617170749015332,
    "object_1_y": 0.12777778287044104,
    "object_1_z": 0.034867473570835309,
    "object_1_ox": 0.015763978441254144,
    "object_1_oy": 0.007477289414736059,
    "object_1_oz": 0.7244035417340009,
    "object_1_ow": 0.6891553495765287,
    "object_2_x": 0.47157526898230608,
    "object_2_y": 0.15208004553954908,
    "object_2_z": 0.03404526861288093,
    "object_2_ox": 0.014915640010974929,
    "object_2_oy": 0.014386571273897737,
    "object_2_oz": 0.7283806471353915,
    "object_2_ow": 0.684859243296513,
    "object_3_x": 0.47743102013644869,
    "object_3_y": 0.05390029594696771,
    "object_3_z": 0.03277186824559397,
    "object_3_ox": 0.00046427089021829727,
    "object_3_oy": -0.00039302822717067465,
    "object_3_oz": 0.7283276249867461,
    "object_3_ow": 0.6852287943909823
}
