{
    "state": "initial",
    "arm_joint_1": 1.8951355606563736,
    "arm_joint_2": 1.2963500147236036,
    "arm_joint_3": -1.0456791147473628,
    "arm_joint_4": 3.073318323104032,
    "arm_joint_5": 3.068605934123647,
    "arm_link_0_x": 0.2241115696749887,
    "arm_link_0_y": 0.015498175992064306,
    "arm_link_0_z": 0.088,
    "arm_link_0_ox": 0.0,
    "arm_link_0_oy": 0.0,
    "arm_link_0_oz": -0.38277264969811827,
    "arm_link_0_ow": 0.923842572434872,
    "arm_link_1_x": 0.2410788544098566,
    "arm_link_1_y": -0.0014756641369671423,
    "arm_link_1_z": 0.18400000000000003,
    "arm_link_1_ox": 0.0,
    "arm_link_1_oy": 0.0,
    "arm_link_1_oz": 0.1426778615628451,
    "arm_link_1_ow": 0.9897691790613878,
    "arm_link_2_x": 0.27273529424596695,
    "arm_link_2_y": 0.007844733757046108,
    "arm_link_2_z": 0.20300000000000005,
    "arm_link_2_ox": -0.011536167527446783,
    "arm_link_2_oy": 0.08002743339495805,
    "arm_link_2_oz": 0.14221072047818715,
    "arm_link_2_ow": 0.9865285792738441,
    "arm_link_3_x": 0.2967010171230387,
    "arm_link_3_y": 0.014900804312938712,
    "arm_link_3_z": 0.35597338329032826,
    "arm_link_3_ox": -0.10549745682720135,
    "arm_link_3_oy": 0.7318453619444695,
    "arm_link_3_oz": 0.09605862159712259,
    "arm_link_3_ow": 0.6663673116384252,
    "arm_link_4_x": 0.4256378663671128,
    "arm_link_4_y": 0.05286283492588057,
    "arm_link_4_z": 0.3433569995472359,
    "arm_link_4_ox": -0.1420150869644473,
    "arm_link_4_oy": 0.9851714519650221,
    "arm_link_4_oz": 0.013736347936292422,
    "arm_link_4_ow": 0.09529028309845543,
    "arm_link_5_x": 0.4514217617321932,
    "arm_link_5_y": 0.06045421807901786,
    "arm_link_5_z": 0.21615023226803463,
    "arm_link_5_ox": -0.21309162464388976,
    "arm_link_5_oy": 0.9722772414280902,
    "arm_link_5_oz": 0.006789151823221273,
    "arm_link_5_ow": 0.09603558051645192,
    "gripper_palm_link_x": 0.4514217617321932,
    "gripper_palm_link_y": 0.06045421807901786,
    "gripper_palm_link_z": 0.21615023226803463,
    "gripper_palm_link_ox": -0.21309162464388976,
    "gripper_palm_link_oy": 0.9722772414280902,
    "gripper_palm_link_oz": 0.006789151823221273,
    "gripper_palm_link_ow": 0.09603558051645192,
    "gripper_finger_link_l_x": 0.4529708955576154,
    "gripper_finger_link_l_y": 0.06860794773870162,
    "gripper_finger_link_l_z": 0.1700212800723827,
    "gripper_finger_link_l_ox": 0.9722772414281123,
    "gripper_finger_link_l_oy": 0.21309162464378929,
    "gripper_finger_link_l_oz": 0.09603558051645128,
    "gripper_finger_link_l_ow": -0.00678915182323121,
    "gripper_finger_link_r_x": 0.4596611974939863,
    "gripper_finger_link_r_y": 0.053975992315358597,
    "gripper_finger_link_r_z": 0.17046754798915976,
    "gripper_finger_link_r_ox": -0.21309162464388976,
    "gripper_finger_link_r_oy": 0.9722772414280902,
    "gripper_finger_link_r_oz": 0.006789151823221273,
    "gripper_finger_link_r_ow": 0.09603558051645192,
    "base_footprint_x": 0.0006649184730069704,
    "base_footprint_y": -0.000015016962929676186,
    "base_footprint_z": 0.0,
    "base_footprint_ox": 0.0,
    "base_footprint_oy": 0.0,
    "base_footprint_oz": -0.00009657007705736195,
    "base_footprint_ow": 0.9999999953371102,
    "base_link_x": 0.0006649184730069704,
    "base_link_y": -0.000015016962929676186,
    "base_link_z": 0.0,
    "base_link_ox": 0.0,
    "base_link_oy": 0.0,
    "base_link_oz": -0.00009657007705736195,
    "base_link_ow": 0.9999999953371102,
    "wheel_link_bl_x": -0.22730456113022963,
    "wheel_link_bl_y": 0.15802901604505674,
    "wheel_link_bl_z": -0.03400000000000001,
    "wheel_link_bl_ox": -0.0000504163264216272,
    "wheel_link_bl_oy": -0.5220698556199191,
    "wheel_link_bl_oz": -0.00008236488215867704,
    "wheel_link_bl_ow": 0.8529027239534512,
    "wheel_link_br_x": -0.22736559341864533,
    "wheel_link_br_y": -0.1579709780610505,
    "wheel_link_br_z": -0.03400000000000001,
    "wheel_link_br_ox": -0.00005601863668112612,
    "wheel_link_br_oy": -0.5800827557240398,
    "wheel_link_br_oz": -0.00007866188484426758,
    "wheel_link_br_ow": 0.8145575407457869,
    "wheel_link_fl_x": 0.22869543036465929,
    "wheel_link_fl_y": 0.15794094413519114,
    "wheel_link_fl_z": -0.03400000000000001,
    "wheel_link_fl_ox": 0.00003190230347501172,
    "wheel_link_fl_oy": 0.3303539180910569,
    "wheel_link_fl_oz": -0.0000911483560787197,
    "wheel_link_fl_ow": 0.9438571287414783,
    "wheel_link_fr_x": 0.22863439807624359,
    "wheel_link_fr_y": -0.1580590499709161,
    "wheel_link_fr_z": -0.03400000000000001,
    "wheel_link_fr_ox": 0.00009180681875160291,
    "wheel_link_fr_oy": 0.9506756245931669,
    "wheel_link_fr_oz": 0.000029954762786160653,
    "wheel_link_fr_ow": -0.31018679449424049,
    "table_1_x": -0.5640734802739771,
    "table_1_y": 0.09975931060025134,
    "table_1_z": 0.0,
    "table_1_ox": 0.0,
    "table_1_oy": 0.0,
    "table_1_oz": -0.6366465996654082,
    "table_1_ow": 0.7711556957803486,
    "table_2_x": -2.2766663492208627,
    "table_2_y": -0.2022268898001594,
    "table_2_z": 0.0,
    "table_2_ox": 0.3694638080736431,
    "table_2_oy": -0.30554680334563535,
    "table_2_oz": -0.5672753401559189,
    "table_2_ow": 0.6695792215563238,
    "table_3_x": 0.02214033275792726,
    "table_3_y": -3.5699865069476885,
    "table_3_z": 0.0,
    "table_3_ox": 0.0,
    "table_3_oy": 0.0,
    "table_3_oz": 0.7712957250578337,
    "table_3_ow": 0.6364769473496353,
    "table_4_x": -0.7870186289993948,
    "table_4_y": -3.6971351389018416,
    "table_4_z": 0.0,
    "table_4_ox": 0.0,
    "table_4_oy": 0.0,
    "table_4_oz": 0.7712957250578337,
    "table_4_ow": 0.6364769473496353,
    "table_5_x": -1.6022994292353452,
    "table_5_y": -3.847661604238103,
    "table_5_z": 0.0,
    "table_5_ox": 0.30547280798732859,
    "table_5_oy": 0.3695258028220873,
    "table_5_oz": -0.5635682994358925,
    "table_5_ow": 0.6727018778775371,
    "table_6_x": -1.092842364469257,
    "table_6_y": -1.8208191093313274,
    "table_6_z": 0.0,
    "table_6_ox": 0.0,
    "table_6_oy": 0.0,
    "table_6_oz": 0.7774946040662822,
    "table_6_ow": 0.6288896092700331,
    "table_7_x": -1.0073782602737103,
    "table_7_y": -2.275916776754544,
    "table_7_z": 0.0,
    "table_7_ox": 0.0,
    "table_7_oy": 0.0,
    "table_7_oz": -0.6289051528127492,
    "table_7_ow": 0.7774820311528573,
    "object_1_x": 0.587317473271874,
    "object_1_y": 0.08496885612308347,
    "object_1_z": 0.037798537815680297,
    "object_1_ox": 0.006901043672017753,
    "object_1_oy": 0.008881763320257766,
    "object_1_oz": 0.7283199127595096,
    "object_1_ow": 0.6851449441939568,
    "object_2_x": 0.542529448514485,
    "object_2_y": 0.12472340549286128,
    "object_2_z": 0.034798367467129,
    "object_2_ox": -0.020005612973694854,
    "object_2_oy": -0.0051728752291719608,
    "object_2_oz": 0.898782015864914,
    "object_2_ow": 0.43790855754279547,
    "object_3_x": 0.6028196397702133,
    "object_3_y": 0.047269372127088708,
    "object_3_z": 0.03512441656414045,
    "object_3_ox": 0.006078538134546637,
    "object_3_oy": -0.013029663223946452,
    "object_3_oz": 0.8997886204141705,
    "object_3_ow": 0.4360891168368928
}
