{
    "state": "initial",
    "arm_joint_1": 1.3961660659256408,
    "arm_joint_2": 0.9005093403712896,
    "arm_joint_3": -0.9041032418133387,
    "arm_joint_4": 3.2484510515956996,
    "arm_joint_5": 2.8686059511063819,
    "arm_link_0_x": 0.22560795493096817,
    "arm_link_0_y": 0.015240705781614916,
    "arm_link_0_z": 0.088,
    "arm_link_0_ox": 0.0,
    "arm_link_0_oy": 0.0,
    "arm_link_0_oz": -0.3832013627957005,
    "arm_link_0_ow": 0.9236648285777249,
    "arm_link_1_x": 0.24255947727744099,
    "arm_link_1_y": -0.0017488760301022676,
    "arm_link_1_z": 0.18400000000000003,
    "arm_link_1_ox": 0.0,
    "arm_link_1_oy": 0.0,
    "arm_link_1_oz": 0.38221035483688628,
    "arm_link_1_ow": 0.924075345767574,
    "arm_link_2_x": 0.2659178834247014,
    "arm_link_2_y": 0.02156174091281937,
    "arm_link_2_z": 0.203,
    "arm_link_2_ox": 0.04460805287887481,
    "arm_link_2_oy": -0.10784951628444546,
    "arm_link_2_oz": 0.3795983100105873,
    "arm_link_2_ow": 0.9177601682861775,
    "arm_link_3_x": 0.24048336031867685,
    "arm_link_3_y": -0.003820745439742235,
    "arm_link_3_z": 0.3537773670712257,
    "arm_link_3_ox": -0.24770311168254595,
    "arm_link_3_oy": 0.5988752938769475,
    "arm_link_3_oz": 0.29108061393250286,
    "arm_link_3_ow": 0.703749690613972,
    "arm_link_4_x": 0.33480967713806766,
    "arm_link_4_y": 0.09031258819404113,
    "arm_link_4_z": 0.3753750857998035,
    "arm_link_4_ox": -0.37868160293631067,
    "arm_link_4_oy": 0.9155438327109906,
    "arm_link_4_oz": 0.051816975424322207,
    "arm_link_4_ow": 0.12527862962345716,
    "arm_link_5_x": 0.3608910913853935,
    "arm_link_5_y": 0.11634064220663812,
    "arm_link_5_z": 0.2506902822543163,
    "arm_link_5_ox": -0.35344772664840898,
    "arm_link_5_oy": 0.9255797870052054,
    "arm_link_5_oz": 0.05522653750196524,
    "arm_link_5_ow": 0.12380142151855234,
    "gripper_palm_link_x": 0.3608910913853935,
    "gripper_palm_link_y": 0.11634064220663812,
    "gripper_palm_link_z": 0.2506902822543163,
    "gripper_palm_link_ox": -0.35344772664840898,
    "gripper_palm_link_oy": 0.9255797870052054,
    "gripper_palm_link_oz": 0.05522653750196524,
    "gripper_palm_link_ow": 0.12380142151855234,
    "gripper_finger_link_l_x": 0.36138392793123227,
    "gripper_finger_link_l_y": 0.12849437404923043,
    "gripper_finger_link_l_z": 0.20542653000068115,
    "gripper_finger_link_l_ox": 0.9255797870052419,
    "gripper_finger_link_l_oy": 0.3534477266483134,
    "gripper_finger_link_l_oz": 0.12380142151854674,
    "gripper_finger_link_l_ow": -0.05522653750197811,
    "gripper_finger_link_r_x": 0.3721348736968423,
    "gripper_finger_link_r_y": 0.11651879639781987,
    "gripper_finger_link_r_z": 0.20518963419236078,
    "gripper_finger_link_r_ox": -0.35344772664840898,
    "gripper_finger_link_r_oy": 0.9255797870052054,
    "gripper_finger_link_r_oz": 0.05522653750196524,
    "gripper_finger_link_r_ow": 0.12380142151855234,
    "base_footprint_x": 0.002147000674384628,
    "base_footprint_y": -0.00006507782380785876,
    "base_footprint_z": 0.0,
    "base_footprint_ox": 0.0,
    "base_footprint_oy": 0.0,
    "base_footprint_oz": -0.0005606689625679217,
    "base_footprint_ow": 0.9999998428251449,
    "base_link_x": 0.002147000674384628,
    "base_link_y": -0.00006507782380785876,
    "base_link_z": 0.0,
    "base_link_ox": 0.0,
    "base_link_oy": 0.0,
    "base_link_oz": -0.0005606689625679217,
    "base_link_ow": 0.9999998428251449,
    "wheel_link_bl_x": -0.22567568461783422,
    "wheel_link_bl_y": 0.1581904878484384,
    "wheel_link_bl_z": -0.03400000000000001,
    "wheel_link_bl_ox": -0.0002975914818018682,
    "wheel_link_bl_oy": -0.530779220709794,
    "wheel_link_bl_oz": -0.00047517259553341045,
    "wheel_link_bl_ow": 0.8475099436071639,
    "wheel_link_br_x": -0.22603002734648335,
    "wheel_link_br_y": -0.15780931348256037,
    "wheel_link_br_z": -0.03400000000000001,
    "wheel_link_br_ox": -0.00032898541840228017,
    "wheel_link_br_oy": -0.5867729242354663,
    "wheel_link_br_oz": -0.0004540025110785911,
    "wheel_link_br_ow": 0.8097513328389612,
    "wheel_link_fl_x": 0.23032402869525263,
    "wheel_link_fl_y": 0.15767915783494466,
    "wheel_link_fl_z": -0.03400000000000001,
    "wheel_link_fl_ox": 0.00017820583704283868,
    "wheel_link_fl_oy": 0.317844969011948,
    "wheel_link_fl_oz": -0.0005315941734357618,
    "wheel_link_fl_ow": 0.9481425321775774,
    "wheel_link_fr_x": 0.2299696859666035,
    "wheel_link_fr_y": -0.1583206434960541,
    "wheel_link_fr_z": -0.03400000000000001,
    "wheel_link_fr_ox": 0.0005341446898832067,
    "wheel_link_fr_oy": 0.9526915909214146,
    "wheel_link_fr_oz": 0.0001704087317497627,
    "wheel_link_fr_ow": -0.30393818160596139,
    "table_1_x": -0.5640734802739771,
    "table_1_y": 0.09975931060025134,
    "table_1_z": 0.0,
    "table_1_ox": 0.0,
    "table_1_oy": 0.0,
    "table_1_oz": -0.6366465996654082,
    "table_1_ow": 0.7711556957803486,
    "table_2_x": -2.2766663492208627,
    "table_2_y": -0.20222688980015952,
    "table_2_z": 0.0,
    "table_2_ox": 0.3694638080736431,
    "table_2_oy": -0.30554680334563535,
    "table_2_oz": -0.5672753401559189,
    "table_2_ow": 0.6695792215563238,
    "table_3_x": 0.02214033275792726,
    "table_3_y": -3.5699865069476885,
    "table_3_z": 0.0,
    "table_3_ox": 0.0,
    "table_3_oy": 0.0,
    "table_3_oz": 0.7712957250578337,
    "table_3_ow": 0.6364769473496353,
    "table_4_x": -0.7870186289993948,
    "table_4_y": -3.6971351389018416,
    "table_4_z": 0.0,
    "table_4_ox": 0.0,
    "table_4_oy": 0.0,
    "table_4_oz": 0.7712957250578337,
    "table_4_ow": 0.6364769473496353,
    "table_5_x": -1.6022994292353452,
    "table_5_y": -3.847661604238103,
    "table_5_z": 0.0,
    "table_5_ox": 0.30547280798732859,
    "table_5_oy": 0.3695258028220873,
    "table_5_oz": -0.5635682994358925,
    "table_5_ow": 0.6727018778775371,
    "table_6_x": -1.092842364469257,
    "table_6_y": -1.8208191093313274,
    "table_6_z": 0.0,
    "table_6_ox": 0.0,
    "table_6_oy": 0.0,
    "table_6_oz": 0.7774946040662822,
    "table_6_ow": 0.6288896092700331,
    "table_7_x": -1.0073782602737103,
    "table_7_y": -2.275916776754544,
    "table_7_z": 0.0,
    "table_7_ox": 0.0,
    "table_7_oy": 0.0,
    "table_7_oz": -0.6289051528127492,
    "table_7_ow": 0.7774820311528573,
    "object_1_x": 0.45686243228317427,
    "object_1_y": 0.3180600992510676,
    "object_1_z": 0.018146914840092899,
    "object_1_ox": 0.1558296842087898,
    "object_1_oy": -0.38523701486135605,
    "object_1_oz": 0.6347653639936959,
    "object_1_ow": 0.6514464556462418,
    "object_2_x": 0.4547954137349065,
    "object_2_y": 0.22120327941592489,
    "object_2_z": 0.034153140115390837,
    "object_2_ox": -0.014425606717088449,
    "object_2_oy": 0.017167776606787756,
    "object_2_oz": 0.7033528813219537,
    "object_2_ow": 0.710487081974985,
    "object_3_x": 0.45284843042142616,
    "object_3_y": 0.1234994048048792,
    "object_3_z": 0.037364016251097479,
    "object_3_ox": 0.040162383859680548,
    "object_3_oy": 0.023923951615682078,
    "object_3_oz": 0.7039720539447837,
    "object_3_ow": 0.7086875014606655
}
